时间,可用功率,理论功率,全站总有功_集电线有功之和,AGC有功设定值
2026-01-01T00:00:00,29.0,29.1,16.83,17.0
2026-01-01T00:01:00,29.1171,29.217100000000002,16.8559,17.0262
2026-01-01T00:02:00,29.2342,29.334200000000003,16.8818,17.0523
2026-01-01T00:03:00,29.3512,29.4512,16.9077,17.0785
2026-01-01T00:04:00,29.4681,29.5681,16.9336,17.1046
2026-01-01T00:05:00,29.5849,29.684900000000003,16.9595,17.1308
2026-01-01T00:06:00,29.7014,29.8014,16.9854,17.157
2026-01-01T00:07:00,29.8177,29.9177,17.0113,17.1831
2026-01-01T00:08:00,29.9338,30.033800000000003,17.0372,17.2093
2026-01-01T00:09:00,30.0495,30.1495,17.063,17.2354
2026-01-01T00:10:00,30.1649,30.2649,17.089,17.2616
2026-01-01T00:11:00,30.2799,30.379900000000003,17.1149,17.2878
2026-01-01T00:12:00,30.3944,30.494400000000002,17.1408,17.3139
2026-01-01T00:13:00,30.5085,30.608500000000003,17.1667,17.3401
2026-01-01T00:14:00,30.6221,30.7221,17.1925,17.3662
2026-01-01T00:15:00,30.7352,30.8352,17.2185,17.3924
2026-01-01T00:16:00,30.8477,30.9477,17.2443,17.4185
2026-01-01T00:17:00,30.9596,31.0596,17.2701,17.4445
2026-01-01T00:18:00,31.0708,31.1708,17.2959,17.4706
2026-01-01T00:19:00,31.1814,31.2814,17.3216,17.4966
2026-01-01T00:20:00,31.2912,31.3912,17.3475,17.5227
2026-01-01T00:21:00,31.4003,31.500300000000003,17.3732,17.5487
2026-01-01T00:22:00,31.5086,31.608600000000003,17.3991,17.5748
2026-01-01T00:23:00,31.616,31.716,17.4248,17.6008
2026-01-01T00:24:00,31.7226,31.8226,17.4506,17.6269
2026-01-01T00:25:00,31.8284,31.9284,17.4764,17.6529
2026-01-01T00:26:00,31.9332,32.0332,17.5022,17.679
2026-01-01T00:27:00,32.037,32.137,17.5279,17.705
2026-01-01T00:28:00,32.1399,32.2399,17.5538,17.7311
2026-01-01T00:29:00,32.2417,32.3417,17.5795,17.7571
2026-01-01T00:30:00,32.3425,32.4425,17.6054,17.7832
2026-01-01T00:31:00,32.4422,32.5422,17.6309,17.809
2026-01-01T00:32:00,32.5408,32.6408,17.6565,17.8348
2026-01-01T00:33:00,32.6382,32.7382,17.6821,17.8607
2026-01-01T00:34:00,32.7345,32.8345,17.7076,17.8865
2026-01-01T00:35:00,32.8296,32.9296,17.7332,17.9123
2026-01-01T00:36:00,32.9234,33.0234,17.7587,17.9381
2026-01-01T00:37:00,33.016,33.116,17.7843,17.9639
2026-01-01T00:38:00,33.1073,33.207300000000004,17.8099,17.9898
2026-01-01T00:39:00,33.1974,33.2974,17.8354,18.0156
2026-01-01T00:40:00,33.286,33.386,17.861,18.0414
2026-01-01T00:41:00,33.3734,33.4734,17.8865,18.0672
2026-01-01T00:42:00,33.4593,33.5593,17.9121,18.093
2026-01-01T00:43:00,33.5439,33.6439,17.9377,18.1189
2026-01-01T00:44:00,33.6271,33.7271,17.9633,18.1447
2026-01-01T00:45:00,33.7088,33.8088,17.9888,18.1705
2026-01-01T00:46:00,33.789,33.889,18.014,18.196
2026-01-01T00:47:00,33.8677,33.9677,18.0393,18.2215
2026-01-01T00:48:00,33.945,34.045,18.0645,18.247
2026-01-01T00:49:00,34.0207,34.1207,18.0898,18.2725
2026-01-01T00:50:00,34.0949,34.194900000000004,18.115,18.298
2026-01-01T00:51:00,34.1676,34.2676,18.1403,18.3235
2026-01-01T00:52:00,34.2386,34.3386,18.1655,18.349
2026-01-01T00:53:00,34.3081,34.408100000000005,18.1907,18.3744
2026-01-01T00:54:00,34.376,34.476,18.2159,18.3999
2026-01-01T00:55:00,34.4423,34.542300000000004,18.2411,18.4254
2026-01-01T00:56:00,34.5069,34.6069,18.2664,18.4509
2026-01-01T00:57:00,34.5699,34.6699,18.2916,18.4764
2026-01-01T00:58:00,34.6313,34.731300000000005,18.3169,18.5019
2026-01-01T00:59:00,34.691,34.791000000000004,18.3421,18.5274
2026-01-01T01:00:00,34.749,34.849000000000004,18.3674,18.5529
2026-01-01T01:01:00,34.8054,34.9054,18.3921,18.5779
2026-01-01T01:02:00,34.8601,34.960100000000004,18.417,18.603
2026-01-01T01:03:00,34.9131,35.0131,18.4417,18.628
2026-01-01T01:04:00,34.9644,35.0644,18.4666,18.6531
2026-01-01T01:05:00,35.014,35.114000000000004,18.4913,18.6781
2026-01-01T01:06:00,35.0619,35.1619,18.5162,18.7032
2026-01-01T01:07:00,35.1081,35.2081,18.5409,18.7282
2026-01-01T01:08:00,35.1526,35.2526,18.5658,18.7533
2026-01-01T01:09:00,35.1953,35.295300000000005,18.5905,18.7783
2026-01-01T01:10:00,35.2364,35.336400000000005,18.6154,18.8034
2026-01-01T01:11:00,35.2757,35.3757,18.6401,18.8284
2026-01-01T01:12:00,35.3134,35.4134,18.665,18.8535
2026-01-01T01:13:00,35.3493,35.4493,18.6897,18.8785
2026-01-01T01:14:00,35.3836,35.4836,18.7146,18.9036
2026-01-01T01:15:00,35.4161,35.5161,18.7393,18.9286
2026-01-01T01:16:00,35.4469,35.5469,18.7636,18.9531
2026-01-01T01:17:00,35.4761,35.576100000000004,18.7878,18.9776
2026-01-01T01:18:00,35.5036,35.6036,18.8121,19.0021
2026-01-01T01:19:00,35.5294,35.629400000000004,18.8363,19.0266
2026-01-01T01:20:00,35.5535,35.6535,18.8606,19.0511
2026-01-01T01:21:00,35.576,35.676,18.8848,19.0756
2026-01-01T01:22:00,35.5968,35.6968,18.9091,19.1001
2026-01-01T01:23:00,35.616,35.716,18.9334,19.1246
2026-01-01T01:24:00,35.6336,35.7336,18.9576,19.1491
2026-01-01T01:25:00,35.6495,35.749500000000005,18.9819,19.1736
2026-01-01T01:26:00,35.6639,35.7639,19.0061,19.1981
2026-01-01T01:27:00,35.6767,35.7767,19.0304,19.2226
2026-01-01T01:28:00,35.6879,35.7879,19.0546,19.2471
2026-01-01T01:29:00,35.6975,35.7975,19.0789,19.2716
2026-01-01T01:30:00,35.7056,35.8056,19.1031,19.2961
2026-01-01T01:31:00,35.7122,35.812200000000004,19.1267,19.3199
2026-01-01T01:32:00,35.7173,35.8173,19.1504,19.3438
2026-01-01T01:33:00,35.7209,35.8209,19.1739,19.3676
2026-01-01T01:34:00,35.7231,35.823100000000004,19.1976,19.3915
2026-01-01T01:35:00,35.7238,35.8238,19.2211,19.4153
2026-01-01T01:36:00,35.7231,35.823100000000004,19.2447,19.4391
2026-01-01T01:37:00,35.721,35.821,19.2684,19.463
2026-01-01T01:38:00,35.7175,35.8175,19.2919,19.4868
2026-01-01T01:39:00,35.7126,35.8126,19.3156,19.5107
2026-01-01T01:40:00,35.7064,35.806400000000004,19.3392,19.5345
2026-01-01T01:41:00,35.6989,35.7989,19.3627,19.5583
2026-01-01T01:42:00,35.6902,35.7902,19.3864,19.5822
2026-01-01T01:43:00,35.6801,35.780100000000004,19.4099,19.606
2026-01-01T01:44:00,35.6689,35.7689,19.4336,19.6299
2026-01-01T01:45:00,35.6564,35.7564,19.4572,19.6537
2026-01-01T01:46:00,35.6428,35.7428,18.1799,18.3635
2026-01-01T01:47:00,35.628,35.728,16.9025,17.0732
2026-01-01T01:48:00,35.6121,35.7121,15.6252,15.783
2026-01-01T01:49:00,35.5951,35.695100000000004,14.3478,14.4927
2026-01-01T01:50:00,35.577,35.677,13.0705,13.2025
2026-01-01T01:51:00,35.5579,35.6579,11.7931,11.9122
2026-01-01T01:52:00,35.5378,35.6378,10.5158,10.622
2026-01-01T01:53:00,35.5168,35.616800000000005,9.2384,9.3317
2026-01-01T01:54:00,35.4948,35.5948,7.9611,8.0415
2026-01-01T01:55:00,35.4719,35.5719,6.6837,6.7512
2026-01-01T01:56:00,35.4481,35.5481,5.4064,5.461
2026-01-01T01:57:00,35.4235,35.5235,4.129,4.1707
2026-01-01T01:58:00,35.3981,35.4981,2.8517,2.8805
2026-01-01T01:59:00,35.3719,35.4719,1.5743,1.5902
2026-01-01T02:00:00,35.345,35.445,1.1088,1.12
2026-01-01T02:01:00,35.3174,35.4174,1.1088,1.12
2026-01-01T02:02:00,35.2891,35.3891,1.1088,1.12
2026-01-01T02:03:00,35.2601,35.3601,1.1088,1.12
2026-01-01T02:04:00,35.2306,35.330600000000004,1.1088,1.12
2026-01-01T02:05:00,35.2005,35.3005,1.1088,1.12
2026-01-01T02:06:00,35.1698,35.269800000000004,1.1088,1.12
2026-01-01T02:07:00,35.1387,35.2387,1.1088,1.12
2026-01-01T02:08:00,35.1071,35.207100000000004,1.1088,1.12
2026-01-01T02:09:00,35.0751,35.1751,1.1088,1.12
2026-01-01T02:10:00,35.0427,35.142700000000005,1.1088,1.12
2026-01-01T02:11:00,35.01,35.11,1.1088,1.12
2026-01-01T02:12:00,34.9769,35.0769,1.1088,1.12
2026-01-01T02:13:00,34.9436,35.043600000000005,1.1088,1.12
2026-01-01T02:14:00,34.91,35.01,1.1088,1.12
2026-01-01T02:15:00,34.8763,34.9763,1.1088,1.12
2026-01-01T02:16:00,34.8423,34.9423,1.1088,1.12
2026-01-01T02:17:00,34.8083,34.908300000000004,1.1088,1.12
2026-01-01T02:18:00,34.7741,34.8741,1.1088,1.12
2026-01-01T02:19:00,34.7399,34.8399,1.1088,1.12
2026-01-01T02:20:00,34.7057,34.8057,1.1088,1.12
2026-01-01T02:21:00,34.6714,34.7714,1.1088,1.12
2026-01-01T02:22:00,34.6373,34.737300000000005,1.1088,1.12
2026-01-01T02:23:00,34.6032,34.7032,1.1088,1.12
2026-01-01T02:24:00,34.5693,34.6693,1.1088,1.12
2026-01-01T02:25:00,34.5355,34.6355,1.1088,1.12
2026-01-01T02:26:00,34.5019,34.6019,1.1088,1.12
2026-01-01T02:27:00,34.4685,34.5685,1.1088,1.12
2026-01-01T02:28:00,34.4354,34.5354,1.1088,1.12
2026-01-01T02:29:00,34.4027,34.502700000000004,1.1088,1.12
2026-01-01T02:30:00,34.3702,34.4702,1.1088,1.12
2026-01-01T02:31:00,34.3382,34.4382,1.1088,1.12
2026-01-01T02:32:00,34.3065,34.4065,1.1088,1.12
2026-01-01T02:33:00,34.2753,34.3753,1.1088,1.12
2026-01-01T02:34:00,34.2446,34.3446,1.1088,1.12
2026-01-01T02:35:00,34.2143,34.3143,1.1088,1.12
2026-01-01T02:36:00,34.1847,34.2847,1.1088,1.12
2026-01-01T02:37:00,34.1556,34.2556,1.1088,1.12
2026-01-01T02:38:00,34.1271,34.2271,1.1088,1.12
2026-01-01T02:39:00,34.0992,34.199200000000005,1.1088,1.12
2026-01-01T02:40:00,34.072,34.172000000000004,1.1088,1.12
2026-01-01T02:41:00,34.0455,34.1455,1.1088,1.12
2026-01-01T02:42:00,34.0198,34.1198,1.1088,1.12
2026-01-01T02:43:00,33.9948,34.0948,1.1088,1.12
2026-01-01T02:44:00,33.9706,34.0706,1.1088,1.12
2026-01-01T02:45:00,33.9472,34.047200000000004,1.1088,1.12
2026-01-01T02:46:00,33.9247,34.0247,1.1088,1.12
2026-01-01T02:47:00,33.903,34.003,1.1088,1.12
2026-01-01T02:48:00,33.8823,33.9823,1.1088,1.12
2026-01-01T02:49:00,33.8625,33.9625,1.1088,1.12
2026-01-01T02:50:00,33.8436,33.9436,1.1088,1.12
2026-01-01T02:51:00,33.8257,33.9257,1.1088,1.12
2026-01-01T02:52:00,33.8089,33.9089,1.1088,1.12
2026-01-01T02:53:00,33.793,33.893,1.1088,1.12
2026-01-01T02:54:00,33.7783,33.8783,1.1088,1.12
2026-01-01T02:55:00,33.7646,33.8646,1.1088,1.12
2026-01-01T02:56:00,33.752,33.852000000000004,1.1088,1.12
2026-01-01T02:57:00,33.7405,33.8405,1.1088,1.12
2026-01-01T02:58:00,33.7302,33.830200000000005,1.1088,1.12
2026-01-01T02:59:00,33.721,33.821,1.1088,1.12
2026-01-01T03:00:00,33.713,33.813,1.1088,1.12
2026-01-01T03:01:00,33.7062,33.806200000000004,1.1088,1.12
2026-01-01T03:02:00,33.7006,33.8006,1.1088,1.12
2026-01-01T03:03:00,33.6963,33.7963,1.1088,1.12
2026-01-01T03:04:00,33.6932,33.7932,1.1088,1.12
2026-01-01T03:05:00,33.6914,33.7914,1.1088,1.12
2026-01-01T03:06:00,33.6908,33.790800000000004,1.1088,1.12
2026-01-01T03:07:00,33.6916,33.7916,1.1088,1.12
2026-01-01T03:08:00,33.6937,33.7937,1.1088,1.12
2026-01-01T03:09:00,33.6971,33.7971,1.1088,1.12
2026-01-01T03:10:00,33.7018,33.8018,1.1088,1.12
2026-01-01T03:11:00,33.7078,33.8078,1.1088,1.12
2026-01-01T03:12:00,33.7153,33.8153,1.1088,1.12
2026-01-01T03:13:00,33.724,33.824,1.1088,1.12
2026-01-01T03:14:00,33.7342,33.8342,1.1088,1.12
2026-01-01T03:15:00,33.7457,33.8457,1.1088,1.12
2026-01-01T03:16:00,33.7586,33.8586,1.1088,1.12
2026-01-01T03:17:00,33.7729,33.8729,1.1088,1.12
2026-01-01T03:18:00,33.7886,33.888600000000004,1.1088,1.12
2026-01-01T03:19:00,33.8057,33.9057,1.1088,1.12
2026-01-01T03:20:00,33.8242,33.9242,1.1088,1.12
2026-01-01T03:21:00,33.8441,33.9441,1.1088,1.12
2026-01-01T03:22:00,33.8654,33.9654,1.1088,1.12
2026-01-01T03:23:00,33.8881,33.9881,1.1088,1.12
2026-01-01T03:24:00,33.9122,34.0122,1.1088,1.12
2026-01-01T03:25:00,33.9377,34.0377,1.1088,1.12
2026-01-01T03:26:00,33.9646,34.0646,1.1088,1.12
2026-01-01T03:27:00,33.9929,34.0929,1.1088,1.12
2026-01-01T03:28:00,34.0226,34.1226,1.1088,1.12
2026-01-01T03:29:00,34.0537,34.1537,1.1088,1.12
2026-01-01T03:30:00,34.0862,34.1862,1.1088,1.12
2026-01-01T03:31:00,34.12,34.22,1.1088,1.12
2026-01-01T03:32:00,34.1552,34.2552,1.1088,1.12
2026-01-01T03:33:00,34.1918,34.2918,1.1088,1.12
2026-01-01T03:34:00,34.2297,34.3297,1.1088,1.12
2026-01-01T03:35:00,34.269,34.369,1.1088,1.12
2026-01-01T03:36:00,34.3096,34.409600000000005,1.1088,1.12
2026-01-01T03:37:00,34.3515,34.4515,1.1088,1.12
2026-01-01T03:38:00,34.3947,34.4947,1.1088,1.12
2026-01-01T03:39:00,34.4392,34.5392,1.1088,1.12
2026-01-01T03:40:00,34.485,34.585,1.1088,1.12
2026-01-01T03:41:00,34.5321,34.6321,1.1088,1.12
2026-01-01T03:42:00,34.5804,34.6804,1.1088,1.12
2026-01-01T03:43:00,34.6299,34.7299,1.1088,1.12
2026-01-01T03:44:00,34.6807,34.7807,1.1088,1.12
2026-01-01T03:45:00,34.7326,34.8326,1.1088,1.12
2026-01-01T03:46:00,34.7857,34.8857,1.7421,1.7597
2026-01-01T03:47:00,34.84,34.940000000000005,3.1873,3.2195
2026-01-01T03:48:00,34.8954,34.995400000000004,4.6324,4.6792
2026-01-01T03:49:00,34.952,35.052,6.0776,6.139
2026-01-01T03:50:00,35.0096,35.1096,7.5227,7.5987
2026-01-01T03:51:00,35.0683,35.1683,8.9679,9.0585
2026-01-01T03:52:00,35.128,35.228,10.413,10.5182
2026-01-01T03:53:00,35.1888,35.2888,11.8582,11.978
2026-01-01T03:54:00,35.2506,35.3506,13.3033,13.4377
2026-01-01T03:55:00,35.3133,35.4133,14.7485,14.8975
2026-01-01T03:56:00,35.377,35.477000000000004,16.1936,16.3572
2026-01-01T03:57:00,35.4416,35.5416,17.6388,17.817
2026-01-01T03:58:00,35.5071,35.6071,19.0839,19.2767
2026-01-01T03:59:00,35.5735,35.673500000000004,20.5291,20.7365
2026-01-01T04:00:00,35.6407,35.740700000000004,21.9742,22.1962
2026-01-01T04:01:00,35.7087,35.8087,21.9864,22.2085
2026-01-01T04:02:00,35.7775,35.877500000000005,21.9987,22.2209
2026-01-01T04:03:00,35.8471,35.9471,22.0109,22.2332
2026-01-01T04:04:00,35.9174,36.0174,22.023,22.2455
2026-01-01T04:05:00,35.9883,36.088300000000004,22.0353,22.2579
2026-01-01T04:06:00,36.0599,36.1599,22.0475,22.2702
2026-01-01T04:07:00,36.1322,36.2322,22.0597,22.2825
2026-01-01T04:08:00,36.205,36.305,22.072,22.2949
2026-01-01T04:09:00,36.2784,36.3784,22.0841,22.3072
2026-01-01T04:10:00,36.3524,36.452400000000004,22.0963,22.3195
2026-01-01T04:11:00,36.4268,36.5268,22.1086,22.3319
2026-01-01T04:12:00,36.5016,36.601600000000005,22.1208,22.3442
2026-01-01T04:13:00,36.5769,36.6769,22.1329,22.3565
2026-01-01T04:14:00,36.6526,36.7526,22.1452,22.3689
2026-01-01T04:15:00,36.7287,36.828700000000005,22.1574,22.3812
2026-01-01T04:16:00,36.805,36.905,22.1681,22.392
2026-01-01T04:17:00,36.8817,36.981700000000004,22.1788,22.4028
2026-01-01T04:18:00,36.9586,37.0586,22.1895,22.4136
2026-01-01T04:19:00,37.0356,37.135600000000004,22.2002,22.4244
2026-01-01T04:20:00,37.1129,37.212900000000005,22.2108,22.4352
2026-01-01T04:21:00,37.1903,37.2903,22.2215,22.446
2026-01-01T04:22:00,37.2678,37.3678,22.2322,22.4568
2026-01-01T04:23:00,37.3454,37.4454,22.243,22.4677
2026-01-01T04:24:00,37.423,37.523,22.2537,22.4785
2026-01-01T04:25:00,37.5006,37.6006,22.2644,22.4893
2026-01-01T04:26:00,37.5781,37.6781,22.2751,22.5001
2026-01-01T04:27:00,37.6555,37.755500000000005,22.2858,22.5109
2026-01-01T04:28:00,37.7328,37.8328,22.2965,22.5217
2026-01-01T04:29:00,37.81,37.910000000000004,22.3072,22.5325
2026-01-01T04:30:00,37.8869,37.9869,22.3179,22.5433
2026-01-01T04:31:00,37.9636,38.0636,22.327,22.5525
2026-01-01T04:32:00,38.0401,38.140100000000004,22.3361,22.5617
2026-01-01T04:33:00,38.1162,38.2162,22.3453,22.571
2026-01-01T04:34:00,38.1919,38.2919,22.3544,22.5802
2026-01-01T04:35:00,38.2673,38.3673,22.3635,22.5894
2026-01-01T04:36:00,38.3423,38.4423,22.3726,22.5986
2026-01-01T04:37:00,38.4167,38.5167,22.3817,22.6078
2026-01-01T04:38:00,38.4907,38.5907,22.3909,22.6171
2026-01-01T04:39:00,38.5641,38.664100000000005,22.4,22.6263
2026-01-01T04:40:00,38.637,38.737,22.4091,22.6355
2026-01-01T04:41:00,38.7092,38.809200000000004,22.4183,22.6447
2026-01-01T04:42:00,38.7808,38.8808,22.4274,22.6539
2026-01-01T04:43:00,38.8517,38.9517,22.4366,22.6632
2026-01-01T04:44:00,38.9219,39.0219,22.4457,22.6724
2026-01-01T04:45:00,38.9913,39.091300000000004,22.4548,22.6816
2026-01-01T04:46:00,39.0599,39.1599,22.4623,22.6892
2026-01-01T04:47:00,39.1276,39.2276,22.4698,22.6968
2026-01-01T04:48:00,39.1946,39.2946,22.4774,22.7044
2026-01-01T04:49:00,39.2606,39.3606,22.4849,22.712
2026-01-01T04:50:00,39.3256,39.4256,22.4924,22.7196
2026-01-01T04:51:00,39.3897,39.4897,22.4999,22.7272
2026-01-01T04:52:00,39.4528,39.552800000000005,22.5075,22.7348
2026-01-01T04:53:00,39.5149,39.6149,22.515,22.7424
2026-01-01T04:54:00,39.5759,39.6759,22.5225,22.75
2026-01-01T04:55:00,39.6358,39.735800000000005,22.53,22.7576
2026-01-01T04:56:00,39.6945,39.7945,22.5375,22.7652
2026-01-01T04:57:00,39.7521,39.8521,22.5451,22.7728
2026-01-01T04:58:00,39.8085,39.908500000000004,22.5526,22.7804
2026-01-01T04:59:00,39.8636,39.9636,22.5601,22.788
2026-01-01T05:00:00,39.9175,40.0175,22.5676,22.7956
2026-01-01T05:01:00,39.9702,40.0702,22.5735,22.8015
2026-01-01T05:02:00,40.0215,40.121500000000005,22.5794,22.8075
2026-01-01T05:03:00,40.0714,40.1714,22.5853,22.8134
2026-01-01T05:04:00,40.12,40.22,22.5912,22.8194
2026-01-01T05:05:00,40.1672,40.2672,22.597,22.8253
2026-01-01T05:06:00,40.2129,40.3129,22.6029,22.8312
2026-01-01T05:07:00,40.2573,40.3573,22.6088,22.8372
2026-01-01T05:08:00,40.3001,40.4001,22.6147,22.8431
2026-01-01T05:09:00,40.3414,40.4414,22.6206,22.8491
2026-01-01T05:10:00,40.3813,40.481300000000005,22.6265,22.855
2026-01-01T05:11:00,40.4195,40.5195,22.6323,22.8609
2026-01-01T05:12:00,40.4562,40.556200000000004,22.6382,22.8669
2026-01-01T05:13:00,40.4913,40.591300000000004,22.6441,22.8728
2026-01-01T05:14:00,40.5249,40.624900000000004,22.65,22.8788
2026-01-01T05:15:00,40.5567,40.6567,22.6559,22.8847
2026-01-01T05:16:00,40.587,40.687000000000005,22.6601,22.889
2026-01-01T05:17:00,40.6155,40.7155,22.6643,22.8932
2026-01-01T05:18:00,40.6424,40.7424,22.6685,22.8975
2026-01-01T05:19:00,40.6675,40.7675,22.6728,22.9018
2026-01-01T05:20:00,40.691,40.791000000000004,22.6769,22.906
2026-01-01T05:21:00,40.7127,40.8127,22.6812,22.9103
2026-01-01T05:22:00,40.7327,40.8327,22.6855,22.9146
2026-01-01T05:23:00,40.7509,40.8509,22.6896,22.9188
2026-01-01T05:24:00,40.7673,40.8673,22.6939,22.9231
2026-01-01T05:25:00,40.782,40.882,22.6981,22.9274
2026-01-01T05:26:00,40.7948,40.894800000000004,22.7023,22.9316
2026-01-01T05:27:00,40.8058,40.9058,22.7065,22.9359
2026-01-01T05:28:00,40.815,40.915,22.7108,22.9402
2026-01-01T05:29:00,40.8224,40.9224,22.715,22.9444
2026-01-01T05:30:00,40.828,40.928000000000004,22.7192,22.9487
2026-01-01T05:31:00,40.8317,40.9317,22.7218,22.9513
2026-01-01T05:32:00,40.8335,40.9335,22.7243,22.9538
2026-01-01T05:33:00,40.8336,40.9336,22.7268,22.9564
2026-01-01T05:34:00,40.8317,40.9317,22.7294,22.959
2026-01-01T05:35:00,40.828,40.928000000000004,22.7319,22.9615
2026-01-01T05:36:00,40.8224,40.9224,22.7345,22.9641
2026-01-01T05:37:00,40.815,40.915,22.737,22.9667
2026-01-01T05:38:00,40.8057,40.9057,22.7395,22.9692
2026-01-01T05:39:00,40.7945,40.8945,22.7421,22.9718
2026-01-01T05:40:00,40.7815,40.8815,22.7447,22.9744
2026-01-01T05:41:00,40.7666,40.8666,22.7471,22.9769
2026-01-01T05:42:00,40.7498,40.8498,22.7497,22.9795
2026-01-01T05:43:00,40.7312,40.8312,22.7523,22.9821
2026-01-01T05:44:00,40.7107,40.810700000000004,22.7548,22.9846
2026-01-01T05:45:00,40.6884,40.7884,22.7573,22.9872
2026-01-01T05:46:00,40.6642,40.7642,22.7582,22.9881
2026-01-01T05:47:00,40.6382,40.7382,22.759,22.9889
2026-01-01T05:48:00,40.6104,40.7104,22.7599,22.9898
2026-01-01T05:49:00,40.5808,40.680800000000005,22.7607,22.9906
2026-01-01T05:50:00,40.5493,40.649300000000004,22.7616,22.9915
2026-01-01T05:51:00,40.5161,40.6161,22.7624,22.9923
2026-01-01T05:52:00,40.481,40.581,22.7633,22.9932
2026-01-01T05:53:00,40.4442,40.544200000000004,22.7641,22.994
2026-01-01T05:54:00,40.4057,40.505700000000004,22.765,22.9949
2026-01-01T05:55:00,40.3654,40.4654,22.7657,22.9957
2026-01-01T05:56:00,40.3233,40.423300000000005,22.7666,22.9966
2026-01-01T05:57:00,40.2796,40.3796,22.7674,22.9974
2026-01-01T05:58:00,40.2341,40.3341,22.7683,22.9983
2026-01-01T05:59:00,40.187,40.287,22.7691,22.9991
2026-01-01T06:00:00,40.1382,40.2382,22.77,23.0
2026-01-01T06:01:00,40.0877,40.1877,22.7691,22.9991
2026-01-01T06:02:00,40.0356,40.135600000000004,22.7683,22.9983
2026-01-01T06:03:00,39.982,40.082,22.7674,22.9974
2026-01-01T06:04:00,39.9267,40.0267,22.7666,22.9966
2026-01-01T06:05:00,39.8699,39.9699,22.7657,22.9957
2026-01-01T06:06:00,39.8115,39.911500000000004,22.765,22.9949
2026-01-01T06:07:00,39.7516,39.851600000000005,22.7641,22.994
2026-01-01T06:08:00,39.6902,39.7902,22.7633,22.9932
2026-01-01T06:09:00,39.6274,39.7274,22.7624,22.9923
2026-01-01T06:10:00,39.5631,39.6631,22.7616,22.9915
2026-01-01T06:11:00,39.4974,39.5974,22.7607,22.9906
2026-01-01T06:12:00,39.4303,39.530300000000004,22.7599,22.9898
2026-01-01T06:13:00,39.3618,39.461800000000004,22.759,22.9889
2026-01-01T06:14:00,39.292,39.392,22.7582,22.9881
2026-01-01T06:15:00,39.2209,39.3209,22.7573,22.9872
2026-01-01T06:16:00,39.1485,39.2485,22.7548,22.9846
2026-01-01T06:17:00,39.0748,39.174800000000005,22.7523,22.9821
2026-01-01T06:18:00,39.0,39.1,22.7497,22.9795
2026-01-01T06:19:00,38.9239,39.023900000000005,22.7471,22.9769
2026-01-01T06:20:00,38.8467,38.9467,22.7447,22.9744
2026-01-01T06:21:00,38.7684,38.8684,22.7421,22.9718
2026-01-01T06:22:00,38.6889,38.7889,22.7395,22.9692
2026-01-01T06:23:00,38.6084,38.708400000000005,22.737,22.9667
2026-01-01T06:24:00,38.5269,38.6269,22.7345,22.9641
2026-01-01T06:25:00,38.4444,38.5444,22.7319,22.9615
2026-01-01T06:26:00,38.3609,38.4609,22.7294,22.959
2026-01-01T06:27:00,38.2765,38.3765,22.7268,22.9564
2026-01-01T06:28:00,38.1912,38.2912,22.7243,22.9538
2026-01-01T06:29:00,38.1051,38.2051,22.7218,22.9513
2026-01-01T06:30:00,38.0181,38.1181,22.7192,22.9487
2026-01-01T06:31:00,37.9304,38.0304,22.715,22.9444
2026-01-01T06:32:00,37.8419,37.941900000000004,22.7108,22.9402
2026-01-01T06:33:00,37.7526,37.8526,22.7065,22.9359
2026-01-01T06:34:00,37.6628,37.7628,22.7023,22.9316
2026-01-01T06:35:00,37.5722,37.672200000000004,22.6981,22.9274
2026-01-01T06:36:00,37.4811,37.5811,22.6939,22.9231
2026-01-01T06:37:00,37.3894,37.4894,22.6896,22.9188
2026-01-01T06:38:00,37.2972,37.3972,22.6855,22.9146
2026-01-01T06:39:00,37.2045,37.304500000000004,22.6812,22.9103
2026-01-01T06:40:00,37.1113,37.2113,22.6769,22.906
2026-01-01T06:41:00,37.0177,37.1177,22.6728,22.9018
2026-01-01T06:42:00,36.9238,37.0238,22.6685,22.8975
2026-01-01T06:43:00,36.8295,36.929500000000004,22.6643,22.8932
2026-01-01T06:44:00,36.7349,36.834900000000005,22.6601,22.889
2026-01-01T06:45:00,36.6401,36.7401,22.6559,22.8847
2026-01-01T06:46:00,36.545,36.645,22.65,22.8788
2026-01-01T06:47:00,36.4498,36.549800000000005,22.6441,22.8728
2026-01-01T06:48:00,36.3544,36.4544,22.6382,22.8669
2026-01-01T06:49:00,36.2589,36.3589,22.6323,22.8609
2026-01-01T06:50:00,36.1633,36.2633,22.6265,22.855
2026-01-01T06:51:00,36.0677,36.1677,22.6206,22.8491
2026-01-01T06:52:00,35.9721,36.0721,22.6147,22.8431
2026-01-01T06:53:00,35.8766,35.976600000000005,22.6088,22.8372
2026-01-01T06:54:00,35.7811,35.8811,22.6029,22.8312
2026-01-01T06:55:00,35.6858,35.7858,22.597,22.8253
2026-01-01T06:56:00,35.5906,35.6906,22.5912,22.8194
2026-01-01T06:57:00,35.4957,35.5957,22.5853,22.8134
2026-01-01T06:58:00,35.4009,35.5009,22.5794,22.8075
2026-01-01T06:59:00,35.3065,35.4065,22.5735,22.8015
2026-01-01T07:00:00,35.2123,35.3123,22.5676,22.7956
2026-01-01T07:01:00,35.1185,35.2185,22.5601,22.788
2026-01-01T07:02:00,35.0251,35.1251,22.5526,22.7804
2026-01-01T07:03:00,34.9321,35.0321,22.5451,22.7728
2026-01-01T07:04:00,34.8395,34.9395,22.5375,22.7652
2026-01-01T07:05:00,34.7474,34.8474,22.53,22.7576
2026-01-01T07:06:00,34.6559,34.755900000000004,22.5225,22.75
2026-01-01T07:07:00,34.5649,34.6649,22.515,22.7424
2026-01-01T07:08:00,34.4745,34.5745,22.5075,22.7348
2026-01-01T07:09:00,34.3847,34.484700000000004,22.4999,22.7272
2026-01-01T07:10:00,34.2956,34.3956,22.4924,22.7196
2026-01-01T07:11:00,34.2072,34.3072,22.4849,22.712
2026-01-01T07:12:00,34.1195,34.219500000000004,22.4774,22.7044
2026-01-01T07:13:00,34.0325,34.1325,22.4698,22.6968
2026-01-01T07:14:00,33.9464,34.0464,22.4623,22.6892
2026-01-01T07:15:00,33.861,33.961,22.4548,22.6816
2026-01-01T07:16:00,33.7765,33.8765,22.4457,22.6724
2026-01-01T07:17:00,33.6929,33.7929,22.4366,22.6632
2026-01-01T07:18:00,33.6102,33.7102,22.4274,22.6539
2026-01-01T07:19:00,33.5284,33.6284,22.4183,22.6447
2026-01-01T07:20:00,33.4476,33.5476,22.4091,22.6355
2026-01-01T07:21:00,33.3677,33.4677,22.4,22.6263
2026-01-01T07:22:00,33.2889,33.3889,22.3909,22.6171
2026-01-01T07:23:00,33.2111,33.3111,22.3817,22.6078
2026-01-01T07:24:00,33.1344,33.2344,22.3726,22.5986
2026-01-01T07:25:00,33.0588,33.1588,22.3635,22.5894
2026-01-01T07:26:00,32.9843,33.0843,22.3544,22.5802
2026-01-01T07:27:00,32.911,33.011,22.3453,22.571
2026-01-01T07:28:00,32.8388,32.9388,22.3361,22.5617
2026-01-01T07:29:00,32.7678,32.8678,22.327,22.5525
2026-01-01T07:30:00,32.698,32.798,22.3179,22.5433
2026-01-01T07:31:00,32.6294,32.7294,22.3072,22.5325
2026-01-01T07:32:00,32.562,32.662,22.2965,22.5217
2026-01-01T07:33:00,32.496,32.596000000000004,22.2858,22.5109
2026-01-01T07:34:00,32.4312,32.5312,22.2751,22.5001
2026-01-01T07:35:00,32.3677,32.4677,22.2644,22.4893
2026-01-01T07:36:00,32.3055,32.4055,22.2537,22.4785
2026-01-01T07:37:00,32.2447,32.3447,22.243,22.4677
2026-01-01T07:38:00,32.1852,32.2852,22.2322,22.4568
2026-01-01T07:39:00,32.127,32.227000000000004,22.2215,22.446
2026-01-01T07:40:00,32.0703,32.170300000000005,22.2108,22.4352
2026-01-01T07:41:00,32.0149,32.1149,22.2002,22.4244
2026-01-01T07:42:00,31.9609,32.0609,22.1895,22.4136
2026-01-01T07:43:00,31.9083,32.0083,22.1788,22.4028
2026-01-01T07:44:00,31.8572,31.9572,22.1681,22.392
2026-01-01T07:45:00,31.8074,31.907400000000003,22.1574,22.3812
2026-01-01T07:46:00,31.7592,31.8592,22.1452,22.3689
2026-01-01T07:47:00,31.7123,31.8123,22.1329,22.3565
2026-01-01T07:48:00,31.6669,31.7669,22.1208,22.3442
2026-01-01T07:49:00,31.623,31.723000000000003,22.1086,22.3319
2026-01-01T07:50:00,31.5805,31.680500000000002,22.0963,22.3195
2026-01-01T07:51:00,31.5395,31.6395,22.0841,22.3072
2026-01-01T07:52:00,31.5,31.6,22.072,22.2949
2026-01-01T07:53:00,31.4619,31.5619,22.0597,22.2825
2026-01-01T07:54:00,31.4253,31.5253,22.0475,22.2702
2026-01-01T07:55:00,31.3901,31.4901,22.0353,22.2579
2026-01-01T07:56:00,31.3565,31.456500000000002,22.023,22.2455
2026-01-01T07:57:00,31.3243,31.424300000000002,22.0109,22.2332
2026-01-01T07:58:00,31.2936,31.393600000000003,21.9987,22.2209
2026-01-01T07:59:00,31.2643,31.3643,21.9864,22.2085
2026-01-01T08:00:00,31.2365,31.3365,21.9742,22.1962
2026-01-01T08:01:00,31.2102,31.310200000000002,21.9606,22.1824
2026-01-01T08:02:00,31.1853,31.285300000000003,21.9468,22.1685
2026-01-01T08:03:00,31.1618,31.2618,21.9332,22.1547
2026-01-01T08:04:00,31.1398,31.239800000000002,21.9195,22.1409
2026-01-01T08:05:00,31.1192,31.2192,21.9058,22.1271
2026-01-01T08:06:00,31.1001,31.200100000000003,21.8921,22.1132
2026-01-01T08:07:00,31.0823,31.1823,21.8784,22.0994
2026-01-01T08:08:00,31.0659,31.1659,21.8647,22.0856
2026-01-01T08:09:00,31.051,31.151,21.8511,22.0718
2026-01-01T08:10:00,31.0374,31.137400000000003,21.8373,22.0579
2026-01-01T08:11:00,31.0252,31.125200000000003,21.8237,22.0441
2026-01-01T08:12:00,31.0143,31.1143,21.81,22.0303
2026-01-01T08:13:00,31.0047,31.1047,21.7963,22.0165
2026-01-01T08:14:00,30.9965,31.096500000000002,21.7826,22.0026
2026-01-01T08:15:00,30.9895,31.0895,21.7689,21.9888
2026-01-01T08:16:00,30.9839,31.0839,21.7539,21.9736
2026-01-01T08:17:00,30.9795,31.079500000000003,21.7387,21.9583
2026-01-01T08:18:00,30.9764,31.076400000000003,21.7237,21.9431
2026-01-01T08:19:00,30.9745,31.0745,21.7085,21.9278
2026-01-01T08:20:00,30.9737,31.073700000000002,21.6935,21.9126
2026-01-01T08:21:00,30.9742,31.0742,21.6783,21.8973
2026-01-01T08:22:00,30.9759,31.0759,21.6633,21.8821
2026-01-01T08:23:00,30.9787,31.0787,21.6481,21.8668
2026-01-01T08:24:00,30.9826,31.082600000000003,21.6331,21.8516
2026-01-01T08:25:00,30.9876,31.087600000000002,21.6179,21.8363
2026-01-01T08:26:00,30.9937,31.093700000000002,21.6029,21.8211
2026-01-01T08:27:00,31.0008,31.100800000000003,21.5877,21.8058
2026-01-01T08:28:00,31.009,31.109,21.5727,21.7906
2026-01-01T08:29:00,31.0181,31.118100000000002,21.5575,21.7753
2026-01-01T08:30:00,31.0282,31.1282,21.5425,21.7601
2026-01-01T08:31:00,31.0393,31.139300000000002,21.5261,21.7435
2026-01-01T08:32:00,31.0513,31.151300000000003,21.5096,21.7269
2026-01-01T08:33:00,31.0641,31.1641,21.4932,21.7103
2026-01-01T08:34:00,31.0779,31.1779,21.4768,21.6937
2026-01-01T08:35:00,31.0924,31.192400000000003,21.4603,21.6771
2026-01-01T08:36:00,31.1078,31.207800000000002,21.4439,21.6605
2026-01-01T08:37:00,31.1239,31.2239,21.4275,21.6439
2026-01-01T08:38:00,31.1407,31.2407,21.4109,21.6272
2026-01-01T08:39:00,31.1583,31.258300000000002,21.3945,21.6106
2026-01-01T08:40:00,31.1765,31.276500000000002,21.3781,21.594
2026-01-01T08:41:00,31.1954,31.2954,21.3616,21.5774
2026-01-01T08:42:00,31.2149,31.3149,21.3452,21.5608
2026-01-01T08:43:00,31.2349,31.3349,21.3288,21.5442
2026-01-01T08:44:00,31.2555,31.355500000000003,21.3123,21.5276
2026-01-01T08:45:00,31.2766,31.3766,21.2959,21.511
2026-01-01T08:46:00,31.2982,31.398200000000003,21.2782,21.4931
2026-01-01T08:47:00,31.3202,31.4202,21.2604,21.4752
2026-01-01T08:48:00,31.3426,31.442600000000002,21.2427,21.4573
2026-01-01T08:49:00,31.3654,31.465400000000002,21.225,21.4394
2026-01-01T08:50:00,31.3886,31.4886,21.2073,21.4215
2026-01-01T08:51:00,31.412,31.512,21.1896,21.4036
2026-01-01T08:52:00,31.4357,31.535700000000002,21.1718,21.3857
2026-01-01T08:53:00,31.4597,31.559700000000003,21.1542,21.3679
2026-01-01T08:54:00,31.4838,31.5838,21.1365,21.35
2026-01-01T08:55:00,31.5081,31.6081,21.1188,21.3321
2026-01-01T08:56:00,31.5325,31.6325,21.1011,21.3142
2026-01-01T08:57:00,31.557,31.657,21.0833,21.2963
2026-01-01T08:58:00,31.5815,31.6815,21.0656,21.2784
2026-01-01T08:59:00,31.6061,31.706100000000003,21.0479,21.2605
2026-01-01T09:00:00,31.6306,31.730600000000003,14.1002,14.2426
2026-01-01T09:01:00,31.6551,31.755100000000002,14.0813,14.2235
2026-01-01T09:02:00,31.6794,31.779400000000003,14.0624,14.2044
2026-01-01T09:03:00,31.7037,31.803700000000003,14.0434,14.1853
2026-01-01T09:04:00,31.7277,31.8277,14.0245,14.1662
2026-01-01T09:05:00,31.7516,31.8516,14.0056,14.1471
2026-01-01T09:06:00,31.7752,31.875200000000003,13.9867,14.128
2026-01-01T09:07:00,31.7986,31.898600000000002,13.9678,14.1089
2026-01-01T09:08:00,31.8216,31.9216,13.9489,14.0898
2026-01-01T09:09:00,31.8443,31.944300000000002,13.93,14.0707
2026-01-01T09:10:00,31.8666,31.9666,13.9111,14.0516
2026-01-01T09:11:00,31.8884,31.988400000000002,13.8922,14.0325
2026-01-01T09:12:00,31.9098,32.0098,13.8733,14.0134
2026-01-01T09:13:00,31.9308,32.0308,13.8544,13.9943
2026-01-01T09:14:00,31.9512,32.0512,13.8354,13.9752
2026-01-01T09:15:00,31.971,32.071,13.8165,13.9561
2026-01-01T09:16:00,31.9902,32.0902,13.7965,13.9359
2026-01-01T09:17:00,32.0088,32.1088,13.7764,13.9156
2026-01-01T09:18:00,32.0268,32.1268,13.7564,13.8954
2026-01-01T09:19:00,32.044,32.144,13.7364,13.8752
2026-01-01T09:20:00,32.0605,32.1605,13.7164,13.8549
2026-01-01T09:21:00,32.0763,32.176300000000005,13.6964,13.8347
2026-01-01T09:22:00,32.0912,32.1912,13.6764,13.8145
2026-01-01T09:23:00,32.1053,32.2053,13.6563,13.7942
2026-01-01T09:24:00,32.1186,32.2186,13.6363,13.774
2026-01-01T09:25:00,32.131,32.231,13.6163,13.7538
2026-01-01T09:26:00,32.1424,32.2424,13.5962,13.7335
2026-01-01T09:27:00,32.1529,32.252900000000004,13.5762,13.7133
2026-01-01T09:28:00,32.1624,32.2624,13.5562,13.6931
2026-01-01T09:29:00,32.1709,32.270900000000005,13.5361,13.6728
2026-01-01T09:30:00,32.1784,32.278400000000005,13.5161,13.6526
2026-01-01T09:31:00,32.1848,32.284800000000004,13.495,13.6313
2026-01-01T09:32:00,32.1901,32.2901,13.4739,13.61
2026-01-01T09:33:00,32.1943,32.2943,13.4529,13.5888
2026-01-01T09:34:00,32.1973,32.2973,13.4318,13.5675
2026-01-01T09:35:00,32.1992,32.2992,13.4107,13.5462
2026-01-01T09:36:00,32.1999,32.2999,13.3897,13.5249
2026-01-01T09:37:00,32.1993,32.2993,13.3686,13.5036
2026-01-01T09:38:00,32.1975,32.2975,13.3476,13.4824
2026-01-01T09:39:00,32.1944,32.2944,13.3265,13.4611
2026-01-01T09:40:00,32.19,32.29,13.3054,13.4398
2026-01-01T09:41:00,32.1843,32.2843,13.2843,13.4185
2026-01-01T09:42:00,32.1773,32.277300000000004,13.2632,13.3972
2026-01-01T09:43:00,32.1689,32.2689,13.2422,13.376
2026-01-01T09:44:00,32.1592,32.2592,13.2212,13.3547
2026-01-01T09:45:00,32.148,32.248000000000005,13.2001,13.3334
2026-01-01T09:46:00,32.1355,32.2355,13.1781,13.3112
2026-01-01T09:47:00,32.1215,32.2215,13.156,13.2889
2026-01-01T09:48:00,32.106,32.206,13.134,13.2667
2026-01-01T09:49:00,32.0891,32.1891,13.1121,13.2445
2026-01-01T09:50:00,32.0707,32.170700000000004,13.0901,13.2223
2026-01-01T09:51:00,32.0509,32.1509,13.068,13.2
2026-01-01T09:52:00,32.0295,32.1295,13.046,13.1778
2026-01-01T09:53:00,32.0066,32.1066,13.024,13.1556
2026-01-01T09:54:00,31.9821,32.0821,13.0021,13.1334
2026-01-01T09:55:00,31.9562,32.0562,12.98,13.1111
2026-01-01T09:56:00,31.9286,32.0286,12.958,13.0889
2026-01-01T09:57:00,31.8995,31.9995,12.936,13.0667
2026-01-01T09:58:00,31.8689,31.9689,12.9141,13.0445
2026-01-01T09:59:00,31.8366,31.936600000000002,12.892,13.0222
2026-01-01T10:00:00,31.8028,31.902800000000003,12.87,13.0
2026-01-01T10:01:00,31.7674,31.8674,12.8471,12.9769
2026-01-01T10:02:00,31.7304,31.8304,12.8243,12.9538
2026-01-01T10:03:00,31.6918,31.791800000000002,12.8014,12.9307
2026-01-01T10:04:00,31.6516,31.7516,12.7786,12.9077
2026-01-01T10:05:00,31.6097,31.7097,12.7558,12.8846
2026-01-01T10:06:00,31.5663,31.6663,12.7329,12.8615
2026-01-01T10:07:00,31.5213,31.6213,12.71,12.8384
2026-01-01T10:08:00,31.4746,31.5746,12.6871,12.8153
2026-01-01T10:09:00,31.4264,31.526400000000002,12.6643,12.7922
2026-01-01T10:10:00,31.3765,31.4765,12.6414,12.7691
2026-01-01T10:11:00,31.325,31.425,12.6185,12.746
2026-01-01T10:12:00,31.272,31.372,12.5958,12.723
2026-01-01T10:13:00,31.2173,31.317300000000003,12.5729,12.6999
2026-01-01T10:14:00,31.1611,31.261100000000003,12.55,12.6768
2026-01-01T10:15:00,31.1032,31.203200000000002,12.5272,12.6537
2026-01-01T10:16:00,31.0438,31.143800000000002,12.5036,12.6299
2026-01-01T10:17:00,30.9828,31.082800000000002,12.4799,12.606
2026-01-01T10:18:00,30.9203,31.020300000000002,12.4564,12.5822
2026-01-01T10:19:00,30.8562,30.956200000000003,12.4327,12.5583
2026-01-01T10:20:00,30.7906,30.890600000000003,12.4092,12.5345
2026-01-01T10:21:00,30.7234,30.823400000000003,12.3856,12.5107
2026-01-01T10:22:00,30.6547,30.7547,12.3619,12.4868
2026-01-01T10:23:00,30.5846,30.6846,12.3384,12.463
2026-01-01T10:24:00,30.5129,30.6129,12.3147,12.4391
2026-01-01T10:25:00,30.4398,30.539800000000003,12.2911,12.4153
2026-01-01T10:26:00,30.3652,30.465200000000003,12.2676,12.3915
2026-01-01T10:27:00,30.2891,30.389100000000003,12.2439,12.3676
2026-01-01T10:28:00,30.2116,30.311600000000002,12.2204,12.3438
2026-01-01T10:29:00,30.1328,30.2328,12.1967,12.3199
2026-01-01T10:30:00,30.0525,30.1525,12.1731,12.2961
2026-01-01T10:31:00,29.9709,30.0709,12.1489,12.2716
2026-01-01T10:32:00,29.8879,29.9879,12.1246,12.2471
2026-01-01T10:33:00,29.8036,29.9036,12.1004,12.2226
2026-01-01T10:34:00,29.718,29.818,12.0761,12.1981
2026-01-01T10:35:00,29.6311,29.7311,12.0519,12.1736
2026-01-01T10:36:00,29.5429,29.6429,12.0276,12.1491
2026-01-01T10:37:00,29.4535,29.5535,12.0034,12.1246
2026-01-01T10:38:00,29.3629,29.4629,11.9791,12.1001
2026-01-01T10:39:00,29.2711,29.371100000000002,11.9548,12.0756
2026-01-01T10:40:00,29.1781,29.278100000000002,11.9306,12.0511
2026-01-01T10:41:00,29.084,29.184,11.9063,12.0266
2026-01-01T10:42:00,28.9888,29.088800000000003,11.8821,12.0021
2026-01-01T10:43:00,28.8925,28.9925,11.8578,11.9776
2026-01-01T10:44:00,28.7952,28.895200000000003,11.8336,11.9531
2026-01-01T10:45:00,28.6968,28.7968,11.8093,11.9286
2026-01-01T10:46:00,28.5975,28.6975,11.7846,11.9036
2026-01-01T10:47:00,28.4972,28.5972,11.7597,11.8785
2026-01-01T10:48:00,28.3959,28.495900000000002,11.735,11.8535
2026-01-01T10:49:00,28.2938,28.393800000000002,11.7101,11.8284
2026-01-01T10:50:00,28.1907,28.2907,11.6854,11.8034
2026-01-01T10:51:00,28.0869,28.1869,11.6605,11.7783
2026-01-01T10:52:00,27.9822,28.0822,11.6358,11.7533
2026-01-01T10:53:00,27.8768,27.9768,11.6109,11.7282
2026-01-01T10:54:00,27.7707,27.870700000000003,11.5862,11.7032
2026-01-01T10:55:00,27.6638,27.7638,11.5613,11.6781
2026-01-01T10:56:00,27.5563,27.6563,11.5366,11.6531
2026-01-01T10:57:00,27.4481,27.5481,11.5117,11.628
2026-01-01T10:58:00,27.3393,27.439300000000003,11.487,11.603
2026-01-01T10:59:00,27.23,27.330000000000002,11.4621,11.5779
2026-01-01T11:00:00,27.1202,27.220200000000002,11.4374,11.5529
2026-01-01T11:01:00,27.0098,27.1098,11.4121,11.5274
2026-01-01T11:02:00,26.8991,26.999100000000002,11.3869,11.5019
2026-01-01T11:03:00,26.7879,26.887900000000002,11.3616,11.4764
2026-01-01T11:04:00,26.6763,26.776300000000003,11.3364,11.4509
2026-01-01T11:05:00,26.5644,26.6644,11.3111,11.4254
2026-01-01T11:06:00,26.4521,26.552100000000003,11.2859,11.3999
2026-01-01T11:07:00,26.3396,26.439600000000002,11.2607,11.3744
2026-01-01T11:08:00,26.2269,26.326900000000002,11.2355,11.349
2026-01-01T11:09:00,26.114,26.214000000000002,11.2103,11.3235
2026-01-01T11:10:00,26.001,26.101000000000003,11.185,11.298
2026-01-01T11:11:00,25.8878,25.9878,11.1598,11.2725
2026-01-01T11:12:00,25.7746,25.8746,11.1345,11.247
2026-01-01T11:13:00,25.6613,25.761300000000002,11.1093,11.2215
2026-01-01T11:14:00,25.548,25.648,11.084,11.196
2026-01-01T11:15:00,25.4348,25.5348,11.0588,11.1705
2026-01-01T11:16:00,25.3217,25.4217,11.0333,11.1447
2026-01-01T11:17:00,25.2087,25.3087,11.0077,11.1189
2026-01-01T11:18:00,25.0958,25.195800000000002,10.9821,11.093
2026-01-01T11:19:00,24.9831,25.0831,10.9565,11.0672
2026-01-01T11:20:00,24.8707,24.9707,10.931,11.0414
2026-01-01T11:21:00,24.7586,24.858600000000003,10.9054,11.0156
2026-01-01T11:22:00,24.6468,24.7468,10.8799,10.9898
2026-01-01T11:23:00,24.5353,24.6353,10.8543,10.9639
2026-01-01T11:24:00,24.4242,24.5242,10.8287,10.9381
2026-01-01T11:25:00,24.3136,24.413600000000002,10.8032,10.9123
2026-01-01T11:26:00,24.2034,24.3034,10.7776,10.8865
2026-01-01T11:27:00,24.0937,24.1937,10.7521,10.8607
2026-01-01T11:28:00,23.9846,24.084600000000002,10.7265,10.8348
2026-01-01T11:29:00,23.876,23.976000000000003,10.7009,10.809
2026-01-01T11:30:00,23.7681,23.868100000000002,10.6754,10.7832
2026-01-01T11:31:00,23.6609,23.760900000000003,10.6495,10.7571
2026-01-01T11:32:00,23.5543,23.654300000000003,10.6238,10.7311
2026-01-01T11:33:00,23.4484,23.5484,10.5979,10.705
2026-01-01T11:34:00,23.3434,23.4434,10.5722,10.679
2026-01-01T11:35:00,23.2391,23.339100000000002,10.5464,10.6529
2026-01-01T11:36:00,23.1356,23.2356,10.5206,10.6269
2026-01-01T11:37:00,23.0331,23.133100000000002,10.4948,10.6008
2026-01-01T11:38:00,22.9314,23.0314,10.4691,10.5748
2026-01-01T11:39:00,22.8307,22.9307,10.4432,10.5487
2026-01-01T11:40:00,22.7309,22.8309,10.4175,10.5227
2026-01-01T11:41:00,22.6321,22.732100000000003,10.3916,10.4966
2026-01-01T11:42:00,22.5344,22.634400000000003,10.3659,10.4706
2026-01-01T11:43:00,22.4378,22.5378,10.3401,10.4445
2026-01-01T11:44:00,22.3422,22.4422,10.3143,10.4185
2026-01-01T11:45:00,22.2478,22.347800000000003,10.2885,10.3924
2026-01-01T11:46:00,22.1546,22.2546,10.2625,10.3662
2026-01-01T11:47:00,22.0625,22.1625,10.2367,10.3401
2026-01-01T11:48:00,21.9717,22.0717,10.2108,10.3139
2026-01-01T11:49:00,21.8821,21.982100000000003,10.1849,10.2878
2026-01-01T11:50:00,21.7938,21.893800000000002,10.159,10.2616
2026-01-01T11:51:00,21.7069,21.806900000000002,10.133,10.2354
2026-01-01T11:52:00,21.6212,21.721200000000003,10.1072,10.2093
2026-01-01T11:53:00,21.5369,21.6369,10.0813,10.1831
2026-01-01T11:54:00,21.454,21.554000000000002,10.0554,10.157
2026-01-01T11:55:00,21.3725,21.4725,10.0295,10.1308
2026-01-01T11:56:00,21.2925,21.392500000000002,10.0036,10.1046
2026-01-01T11:57:00,21.2139,21.3139,9.9777,10.0785
2026-01-01T11:58:00,21.1368,21.236800000000002,9.9518,10.0523
2026-01-01T11:59:00,21.0611,21.1611,9.9259,10.0262
2026-01-01T12:00:00,20.9871,21.087100000000003,9.9,10.0
2026-01-01T12:01:00,20.9145,21.0145,9.8741,9.9738
2026-01-01T12:02:00,20.8435,20.9435,9.8482,9.9477
2026-01-01T12:03:00,20.7742,20.874200000000002,9.8223,9.9215
2026-01-01T12:04:00,20.7064,20.8064,9.7964,9.8954
2026-01-01T12:05:00,20.6402,20.7402,9.7705,9.8692
2026-01-01T12:06:00,20.5757,20.675700000000003,9.7446,9.843
2026-01-01T12:07:00,20.5128,20.6128,9.7187,9.8169
2026-01-01T12:08:00,20.4516,20.5516,9.6928,9.7907
2026-01-01T12:09:00,20.3921,20.4921,9.667,9.7646
2026-01-01T12:10:00,20.3343,20.4343,9.641,9.7384
2026-01-01T12:11:00,20.2782,20.3782,9.6151,9.7122
2026-01-01T12:12:00,20.2238,20.323800000000002,9.5892,9.6861
2026-01-01T12:13:00,20.1711,20.2711,9.5633,9.6599
2026-01-01T12:14:00,20.1202,20.220200000000002,9.5375,9.6338
2026-01-01T12:15:00,20.0711,20.171100000000003,9.5115,9.6076
2026-01-01T12:16:00,20.0237,20.123700000000003,9.4857,9.5815
2026-01-01T12:17:00,19.978,20.078000000000003,9.4599,9.5555
2026-01-01T12:18:00,19.9342,20.034200000000002,9.4341,9.5294
2026-01-01T12:19:00,19.8921,19.9921,9.4084,9.5034
2026-01-01T12:20:00,19.8518,19.951800000000002,9.3825,9.4773
2026-01-01T12:21:00,19.8133,19.913300000000003,9.3568,9.4513
2026-01-01T12:22:00,19.7766,19.8766,9.3309,9.4252
2026-01-01T12:23:00,19.7417,19.841700000000003,9.3052,9.3992
2026-01-01T12:24:00,19.7086,19.808600000000002,9.2794,9.3731
2026-01-01T12:25:00,19.6772,19.7772,9.2536,9.3471
2026-01-01T12:26:00,19.6477,19.747700000000002,9.2278,9.321
2026-01-01T12:27:00,19.62,19.720000000000002,9.202,9.295
2026-01-01T12:28:00,19.594,19.694000000000003,9.1762,9.2689
2026-01-01T12:29:00,19.5699,19.669900000000002,9.1505,9.2429
2026-01-01T12:30:00,19.5475,19.6475,9.1246,9.2168
2026-01-01T12:31:00,19.5269,19.626900000000003,9.0991,9.191
2026-01-01T12:32:00,19.5081,19.6081,9.0735,9.1652
2026-01-01T12:33:00,19.4911,19.5911,9.0479,9.1393
2026-01-01T12:34:00,19.4758,19.5758,9.0224,9.1135
2026-01-01T12:35:00,19.4622,19.5622,8.9968,9.0877
2026-01-01T12:36:00,19.4505,19.550500000000003,8.9713,9.0619
2026-01-01T12:37:00,19.4404,19.5404,8.9457,9.0361
2026-01-01T12:38:00,19.4321,19.5321,8.9201,9.0102
2026-01-01T12:39:00,19.4255,19.5255,8.8946,8.9844
2026-01-01T12:40:00,19.4205,19.520500000000002,8.869,8.9586
2026-01-01T12:41:00,19.4173,19.517300000000002,8.8435,8.9328
2026-01-01T12:42:00,19.4158,19.515800000000002,8.8179,8.907
2026-01-01T12:43:00,19.4159,19.515900000000002,8.7923,8.8811
2026-01-01T12:44:00,19.4176,19.5176,8.7667,8.8553
2026-01-01T12:45:00,19.421,19.521,8.7412,8.8295
2026-01-01T12:46:00,19.4259,19.5259,8.716,8.804
2026-01-01T12:47:00,19.4325,19.532500000000002,8.6907,8.7785
2026-01-01T12:48:00,19.4406,19.5406,8.6655,8.753
2026-01-01T12:49:00,19.4503,19.5503,8.6402,8.7275
2026-01-01T12:50:00,19.4615,19.561500000000002,8.615,8.702
2026-01-01T12:51:00,19.4742,19.5742,8.5897,8.6765
2026-01-01T12:52:00,19.4884,19.5884,8.5645,8.651
2026-01-01T12:53:00,19.5041,19.604100000000003,8.5393,8.6256
2026-01-01T12:54:00,19.5212,19.6212,8.5141,8.6001
2026-01-01T12:55:00,19.5398,19.6398,8.4889,8.5746
2026-01-01T12:56:00,19.5597,19.6597,8.4636,8.5491
2026-01-01T12:57:00,19.581,19.681,8.4384,8.5236
2026-01-01T12:58:00,19.6036,19.7036,8.4131,8.4981
2026-01-01T12:59:00,19.6276,19.727600000000002,8.3879,8.4726
2026-01-01T13:00:00,19.6528,19.7528,15.2926,15.4471
2026-01-01T13:01:00,19.6793,19.779300000000003,15.2679,15.4221
2026-01-01T13:02:00,19.7071,19.807100000000002,15.243,15.397
2026-01-01T13:03:00,19.736,19.836000000000002,15.2183,15.372
2026-01-01T13:04:00,19.7662,19.866200000000003,15.1934,15.3469
2026-01-01T13:05:00,19.7974,19.8974,15.1687,15.3219
2026-01-01T13:06:00,19.8298,19.9298,15.1438,15.2968
2026-01-01T13:07:00,19.8633,19.9633,15.1191,15.2718
2026-01-01T13:08:00,19.8978,19.9978,15.0942,15.2467
2026-01-01T13:09:00,19.9334,20.0334,15.0695,15.2217
2026-01-01T13:10:00,19.9699,20.0699,15.0446,15.1966
2026-01-01T13:11:00,20.0074,20.107400000000002,15.0199,15.1716
2026-01-01T13:12:00,20.0458,20.1458,14.995,15.1465
2026-01-01T13:13:00,20.0852,20.185200000000002,14.9703,15.1215
2026-01-01T13:14:00,20.1253,20.2253,14.9454,15.0964
2026-01-01T13:15:00,20.1663,20.2663,14.9207,15.0714
2026-01-01T13:16:00,20.2081,20.308100000000003,14.8964,15.0469
2026-01-01T13:17:00,20.2506,20.3506,14.8722,15.0224
2026-01-01T13:18:00,20.2939,20.393900000000002,14.8479,14.9979
2026-01-01T13:19:00,20.3378,20.437800000000003,14.8237,14.9734
2026-01-01T13:20:00,20.3824,20.482400000000002,14.7994,14.9489
2026-01-01T13:21:00,20.4276,20.527600000000003,14.7752,14.9244
2026-01-01T13:22:00,20.4734,20.573400000000003,14.7509,14.8999
2026-01-01T13:23:00,20.5197,20.6197,14.7266,14.8754
2026-01-01T13:24:00,20.5665,20.666500000000003,14.7024,14.8509
2026-01-01T13:25:00,20.6138,20.713800000000003,14.6781,14.8264
2026-01-01T13:26:00,20.6615,20.7615,14.6539,14.8019
2026-01-01T13:27:00,20.7096,20.8096,14.6296,14.7774
2026-01-01T13:28:00,20.7581,20.8581,14.6054,14.7529
2026-01-01T13:29:00,20.8069,20.9069,14.5811,14.7284
2026-01-01T13:30:00,20.8559,20.9559,14.5569,14.7039
2026-01-01T13:31:00,20.9052,21.005200000000002,14.5333,14.6801
2026-01-01T13:32:00,20.9548,21.0548,14.5096,14.6562
2026-01-01T13:33:00,21.0044,21.104400000000002,14.4861,14.6324
2026-01-01T13:34:00,21.0543,21.154300000000003,14.4624,14.6085
2026-01-01T13:35:00,21.1042,21.2042,14.4389,14.5847
2026-01-01T13:36:00,21.1541,21.2541,14.4153,14.5609
2026-01-01T13:37:00,21.2041,21.304100000000002,14.3916,14.537
2026-01-01T13:38:00,21.2541,21.354100000000003,14.3681,14.5132
2026-01-01T13:39:00,21.304,21.404,14.3444,14.4893
2026-01-01T13:40:00,21.3539,21.4539,14.3208,14.4655
2026-01-01T13:41:00,21.4036,21.503600000000002,14.2973,14.4417
2026-01-01T13:42:00,21.4532,21.5532,14.2736,14.4178
2026-01-01T13:43:00,21.5025,21.602500000000003,14.2501,14.394
2026-01-01T13:44:00,21.5516,21.651600000000002,14.2264,14.3701
2026-01-01T13:45:00,21.6005,21.7005,14.2028,14.3463
2026-01-01T13:46:00,21.6491,21.749100000000002,14.18,14.3232
2026-01-01T13:47:00,21.6973,21.7973,14.1571,14.3001
2026-01-01T13:48:00,21.7451,21.845100000000002,14.1342,14.277
2026-01-01T13:49:00,21.7926,21.8926,14.1115,14.254
2026-01-01T13:50:00,21.8396,21.939600000000002,14.0886,14.2309
2026-01-01T13:51:00,21.8861,21.9861,14.0657,14.2078
2026-01-01T13:52:00,21.9321,22.0321,14.0429,14.1847
2026-01-01T13:53:00,21.9776,22.0776,14.02,14.1616
2026-01-01T13:54:00,22.0225,22.122500000000002,13.9971,14.1385
2026-01-01T13:55:00,22.0668,22.166800000000002,13.9742,14.1154
2026-01-01T13:56:00,22.1104,22.2104,13.9514,14.0923
2026-01-01T13:57:00,22.1534,22.253400000000003,13.9286,14.0693
2026-01-01T13:58:00,22.1957,22.2957,13.9057,14.0462
2026-01-01T13:59:00,22.2372,22.337200000000003,13.8829,14.0231
2026-01-01T14:00:00,22.278,22.378,13.86,14.0
2026-01-01T14:01:00,22.318,22.418000000000003,13.838,13.9778
2026-01-01T14:02:00,22.3572,22.4572,13.8159,13.9555
2026-01-01T14:03:00,22.3956,22.495600000000003,13.794,13.9333
2026-01-01T14:04:00,22.4331,22.5331,13.772,13.9111
2026-01-01T14:05:00,22.4696,22.5696,13.75,13.8889
2026-01-01T14:06:00,22.5053,22.6053,13.7279,13.8666
2026-01-01T14:07:00,22.54,22.64,13.706,13.8444
2026-01-01T14:08:00,22.5737,22.6737,13.684,13.8222
2026-01-01T14:09:00,22.6064,22.706400000000002,13.662,13.8
2026-01-01T14:10:00,22.6382,22.738200000000003,13.6399,13.7777
2026-01-01T14:11:00,22.6688,22.768800000000002,13.6179,13.7555
2026-01-01T14:12:00,22.6984,22.7984,13.596,13.7333
2026-01-01T14:13:00,22.7269,22.826900000000002,13.574,13.7111
2026-01-01T14:14:00,22.7543,22.854300000000002,13.5519,13.6888
2026-01-01T14:15:00,22.7805,22.8805,13.5299,13.6666
2026-01-01T14:16:00,22.8056,22.9056,13.5088,13.6453
2026-01-01T14:17:00,22.8296,22.9296,13.4878,13.624
2026-01-01T14:18:00,22.8523,22.9523,13.4668,13.6028
2026-01-01T14:19:00,22.8739,22.9739,13.4457,13.5815
2026-01-01T14:20:00,22.8942,22.994200000000003,13.4246,13.5602
2026-01-01T14:21:00,22.9133,23.0133,13.4035,13.5389
2026-01-01T14:22:00,22.9311,23.031100000000002,13.3824,13.5176
2026-01-01T14:23:00,22.9477,23.047700000000003,13.3614,13.4964
2026-01-01T14:24:00,22.963,23.063000000000002,13.3403,13.4751
2026-01-01T14:25:00,22.977,23.077,13.3193,13.4538
2026-01-01T14:26:00,22.9897,23.0897,13.2982,13.4325
2026-01-01T14:27:00,23.0011,23.101100000000002,13.2771,13.4112
2026-01-01T14:28:00,23.0111,23.1111,13.2561,13.39
2026-01-01T14:29:00,23.0199,23.1199,13.235,13.3687
2026-01-01T14:30:00,23.0273,23.1273,13.2139,13.3474
2026-01-01T14:31:00,23.0333,23.133300000000002,13.1939,13.3272
2026-01-01T14:32:00,23.038,23.138,13.1738,13.3069
2026-01-01T14:33:00,23.0413,23.1413,13.1538,13.2867
2026-01-01T14:34:00,23.0433,23.1433,13.1338,13.2665
2026-01-01T14:35:00,23.0439,23.143900000000002,13.1137,13.2462
2026-01-01T14:36:00,23.0432,23.1432,13.0937,13.226
2026-01-01T14:37:00,23.041,23.141000000000002,13.0737,13.2058
2026-01-01T14:38:00,23.0375,23.137500000000003,13.0536,13.1855
2026-01-01T14:39:00,23.0326,23.1326,13.0336,13.1653
2026-01-01T14:40:00,23.0264,23.1264,13.0136,13.1451
2026-01-01T14:41:00,23.0187,23.1187,12.9936,13.1248
2026-01-01T14:42:00,23.0097,23.1097,12.9736,13.1046
2026-01-01T14:43:00,22.9994,23.099400000000003,12.9536,13.0844
2026-01-01T14:44:00,22.9876,23.087600000000002,12.9335,13.0641
2026-01-01T14:45:00,22.9745,23.0745,12.9135,13.0439
2026-01-01T14:46:00,22.9601,23.060100000000002,12.8946,13.0248
2026-01-01T14:47:00,22.9443,23.0443,12.8756,13.0057
2026-01-01T14:48:00,22.9272,23.0272,12.8567,12.9866
2026-01-01T14:49:00,22.9087,23.0087,12.8378,12.9675
2026-01-01T14:50:00,22.8889,22.9889,12.8189,12.9484
2026-01-01T14:51:00,22.8679,22.9679,12.8,12.9293
2026-01-01T14:52:00,22.8455,22.945500000000003,12.7811,12.9102
2026-01-01T14:53:00,22.8218,22.9218,12.7622,12.8911
2026-01-01T14:54:00,22.7968,22.896800000000002,12.7433,12.872
2026-01-01T14:55:00,22.7706,22.870600000000003,12.7244,12.8529
2026-01-01T14:56:00,22.7432,22.843200000000003,12.7055,12.8338
2026-01-01T14:57:00,22.7144,22.814400000000003,12.6866,12.8147
2026-01-01T14:58:00,22.6845,22.7845,12.6676,12.7956
2026-01-01T14:59:00,22.6534,22.753400000000003,12.6487,12.7765
2026-01-01T15:00:00,22.6211,22.7211,11.0989,12.7574
2026-01-01T15:01:00,22.5876,22.6876,11.0834,12.7395
2026-01-01T15:02:00,22.553,22.653000000000002,11.0678,12.7216
2026-01-01T15:03:00,22.5173,22.6173,11.0522,12.7037
2026-01-01T15:04:00,22.4804,22.5804,11.0366,12.6858
2026-01-01T15:05:00,22.4424,22.5424,11.0211,12.6679
2026-01-01T15:06:00,22.4034,22.503400000000003,11.0055,12.65
2026-01-01T15:07:00,22.3634,22.4634,10.9899,12.6321
2026-01-01T15:08:00,22.3223,22.4223,10.9744,12.6143
2026-01-01T15:09:00,22.2802,22.380200000000002,10.9589,12.5964
2026-01-01T15:10:00,22.2372,22.337200000000003,10.9433,12.5785
2026-01-01T15:11:00,22.1932,22.293200000000002,10.9277,12.5606
2026-01-01T15:12:00,22.1483,22.2483,10.9121,12.5427
2026-01-01T15:13:00,22.1025,22.2025,10.8966,12.5248
2026-01-01T15:14:00,22.0558,22.155800000000003,10.881,12.5069
2026-01-01T15:15:00,22.0083,22.1083,10.8654,12.489
2026-01-01T15:16:00,21.96,22.060000000000002,10.851,12.4724
2026-01-01T15:17:00,21.9109,22.010900000000003,10.8365,12.4558
2026-01-01T15:18:00,21.861,21.961000000000002,10.8221,12.4392
2026-01-01T15:19:00,21.8104,21.910400000000003,10.8077,12.4226
2026-01-01T15:20:00,21.7591,21.8591,10.7932,12.406
2026-01-01T15:21:00,21.7072,21.8072,10.7788,12.3894
2026-01-01T15:22:00,21.6546,21.7546,10.7643,12.3728
2026-01-01T15:23:00,21.6014,21.701400000000003,10.7498,12.3561
2026-01-01T15:24:00,21.5477,21.6477,10.7354,12.3395
2026-01-01T15:25:00,21.4934,21.593400000000003,10.7209,12.3229
2026-01-01T15:26:00,21.4386,21.538600000000002,10.7065,12.3063
2026-01-01T15:27:00,21.3834,21.483400000000003,10.692,12.2897
2026-01-01T15:28:00,21.3277,21.4277,10.6776,12.2731
2026-01-01T15:29:00,21.2716,21.3716,10.6632,12.2565
2026-01-01T15:30:00,21.2151,21.3151,10.6487,12.2399
2026-01-01T15:31:00,21.1583,21.258300000000002,10.6355,12.2247
2026-01-01T15:32:00,21.1013,21.2013,10.6222,12.2094
2026-01-01T15:33:00,21.0439,21.143900000000002,10.609,12.1942
2026-01-01T15:34:00,20.9864,21.0864,10.5956,12.1789
2026-01-01T15:35:00,20.9286,21.0286,10.5824,12.1637
2026-01-01T15:36:00,20.8707,20.9707,10.5691,12.1484
2026-01-01T15:37:00,20.8127,20.9127,10.5559,12.1332
2026-01-01T15:38:00,20.7546,20.8546,10.5426,12.1179
2026-01-01T15:39:00,20.6964,20.796400000000002,10.5293,12.1027
2026-01-01T15:40:00,20.6383,20.738300000000002,10.516,12.0874
2026-01-01T15:41:00,20.5801,20.680100000000003,10.5028,12.0722
2026-01-01T15:42:00,20.5221,20.6221,10.4895,12.0569
2026-01-01T15:43:00,20.4641,20.5641,10.4763,12.0417
2026-01-01T15:44:00,20.4063,20.506300000000003,10.463,12.0264
2026-01-01T15:45:00,20.3487,20.448700000000002,10.4497,12.0112
2026-01-01T15:46:00,20.2913,20.3913,10.4377,11.9974
2026-01-01T15:47:00,20.2341,20.334100000000003,10.4256,11.9835
2026-01-01T15:48:00,20.1773,20.2773,10.4136,11.9697
2026-01-01T15:49:00,20.1208,20.2208,10.4016,11.9559
2026-01-01T15:50:00,20.0646,20.1646,10.3896,11.9421
2026-01-01T15:51:00,20.0088,20.108800000000002,10.3775,11.9282
2026-01-01T15:52:00,19.9535,20.0535,10.3655,11.9144
2026-01-01T15:53:00,19.8987,19.998700000000003,10.3535,11.9006
2026-01-01T15:54:00,19.8443,19.944300000000002,10.3415,11.8868
2026-01-01T15:55:00,19.7906,19.890600000000003,10.3294,11.8729
2026-01-01T15:56:00,19.7374,19.837400000000002,10.3174,11.8591
2026-01-01T15:57:00,19.6848,19.7848,10.3054,11.8453
2026-01-01T15:58:00,19.6329,19.7329,10.2934,11.8315
2026-01-01T15:59:00,19.5817,19.681700000000003,10.2813,11.8176
2026-01-01T16:00:00,19.5312,19.6312,11.6858,11.8038
2026-01-01T16:01:00,19.4815,19.581500000000002,11.6736,11.7915
2026-01-01T16:02:00,19.4326,19.532600000000002,11.6613,11.7791
2026-01-01T16:03:00,19.3846,19.4846,11.6491,11.7668
2026-01-01T16:04:00,19.3374,19.4374,11.637,11.7545
2026-01-01T16:05:00,19.2911,19.3911,11.6247,11.7421
2026-01-01T16:06:00,19.2457,19.3457,11.6125,11.7298
2026-01-01T16:07:00,19.2014,19.3014,11.6003,11.7175
2026-01-01T16:08:00,19.158,19.258000000000003,11.588,11.7051
2026-01-01T16:09:00,19.1157,19.215700000000002,11.5759,11.6928
2026-01-01T16:10:00,19.0744,19.174400000000002,11.5637,11.6805
2026-01-01T16:11:00,19.0342,19.1342,11.5514,11.6681
2026-01-01T16:12:00,18.9952,19.095200000000002,11.5392,11.6558
2026-01-01T16:13:00,18.9573,19.0573,11.5271,11.6435
2026-01-01T16:14:00,18.9207,19.0207,11.5148,11.6311
2026-01-01T16:15:00,18.8852,18.985200000000003,11.5026,11.6188
2026-01-01T16:16:00,18.851,18.951,11.4919,11.608
2026-01-01T16:17:00,18.8181,18.918100000000003,11.4812,11.5972
2026-01-01T16:18:00,18.7865,18.8865,11.4705,11.5864
2026-01-01T16:19:00,18.7562,18.8562,11.4598,11.5756
2026-01-01T16:20:00,18.7273,18.8273,11.4492,11.5648
2026-01-01T16:21:00,18.6998,18.7998,11.4385,11.554
2026-01-01T16:22:00,18.6737,18.7737,11.4278,11.5432
2026-01-01T16:23:00,18.649,18.749000000000002,11.417,11.5323
2026-01-01T16:24:00,18.6258,18.725800000000003,11.4063,11.5215
2026-01-01T16:25:00,18.6041,18.7041,11.3956,11.5107
2026-01-01T16:26:00,18.5839,18.6839,11.3849,11.4999
2026-01-01T16:27:00,18.5652,18.665200000000002,11.3742,11.4891
2026-01-01T16:28:00,18.5481,18.648100000000003,11.3635,11.4783
2026-01-01T16:29:00,18.5325,18.6325,11.3528,11.4675
2026-01-01T16:30:00,18.5186,18.6186,11.3421,11.4567
2026-01-01T16:31:00,18.5062,18.6062,11.333,11.4475
2026-01-01T16:32:00,18.4955,18.5955,11.3239,11.4383
2026-01-01T16:33:00,18.4864,18.5864,11.3147,11.429
2026-01-01T16:34:00,18.479,18.579,11.3056,11.4198
2026-01-01T16:35:00,18.4733,18.5733,11.2965,11.4106
2026-01-01T16:36:00,18.4693,18.569300000000002,11.2874,11.4014
2026-01-01T16:37:00,18.467,18.567,11.2783,11.3922
2026-01-01T16:38:00,18.4664,18.5664,11.2691,11.3829
2026-01-01T16:39:00,18.4675,18.567500000000003,11.26,11.3737
2026-01-01T16:40:00,18.4704,18.570400000000003,11.2509,11.3645
2026-01-01T16:41:00,18.475,18.575000000000003,11.2417,11.3553
2026-01-01T16:42:00,18.4814,18.581400000000002,11.2326,11.3461
2026-01-01T16:43:00,18.4896,18.5896,11.2234,11.3368
2026-01-01T16:44:00,18.4996,18.599600000000002,11.2143,11.3276
2026-01-01T16:45:00,18.5114,18.6114,11.2052,11.3184
2026-01-01T16:46:00,18.525,18.625,11.1977,11.3108
2026-01-01T16:47:00,18.5404,18.640400000000003,11.1902,11.3032
2026-01-01T16:48:00,18.5576,18.657600000000002,11.1826,11.2956
2026-01-01T16:49:00,18.5766,18.6766,11.1751,11.288
2026-01-01T16:50:00,18.5974,18.697400000000002,11.1676,11.2804
2026-01-01T16:51:00,18.6201,18.720100000000002,11.1601,11.2728
2026-01-01T16:52:00,18.6446,18.744600000000002,11.1525,11.2652
2026-01-01T16:53:00,18.6709,18.7709,11.145,11.2576
2026-01-01T16:54:00,18.699,18.799000000000003,11.1375,11.25
2026-01-01T16:55:00,18.729,18.829,11.13,11.2424
2026-01-01T16:56:00,18.7608,18.8608,11.1225,11.2348
2026-01-01T16:57:00,18.7944,18.8944,11.1149,11.2272
2026-01-01T16:58:00,18.8298,18.9298,11.1074,11.2196
2026-01-01T16:59:00,18.867,18.967000000000002,11.0999,11.212
2026-01-01T17:00:00,18.9061,19.0061,11.0924,11.2044
2026-01-01T17:01:00,18.9469,19.0469,11.0865,11.1985
2026-01-01T17:02:00,18.9895,19.0895,11.0806,11.1925
2026-01-01T17:03:00,19.0339,19.1339,11.0747,11.1866
2026-01-01T17:04:00,19.0801,19.180100000000003,11.0688,11.1806
2026-01-01T17:05:00,19.1281,19.2281,11.063,11.1747
2026-01-01T17:06:00,19.1778,19.277800000000003,11.0571,11.1688
2026-01-01T17:07:00,19.2293,19.3293,11.0512,11.1628
2026-01-01T17:08:00,19.2824,19.3824,11.0453,11.1569
2026-01-01T17:09:00,19.3373,19.4373,11.0394,11.1509
2026-01-01T17:10:00,19.3939,19.4939,11.0335,11.145
2026-01-01T17:11:00,19.4522,19.552200000000003,11.0277,11.1391
2026-01-01T17:12:00,19.5122,19.6122,11.0218,11.1331
2026-01-01T17:13:00,19.5738,19.6738,11.0159,11.1272
2026-01-01T17:14:00,19.6371,19.7371,11.01,11.1212
2026-01-01T17:15:00,19.702,19.802000000000003,11.0041,11.1153
2026-01-01T17:16:00,19.7685,19.8685,10.9999,11.111
2026-01-01T17:17:00,19.8365,19.936500000000002,10.9957,11.1068
2026-01-01T17:18:00,19.9062,20.0062,10.9915,11.1025
2026-01-01T17:19:00,19.9774,20.0774,10.9872,11.0982
2026-01-01T17:20:00,20.05,20.150000000000002,10.9831,11.094
2026-01-01T17:21:00,20.1242,20.2242,10.9788,11.0897
2026-01-01T17:22:00,20.1999,20.2999,10.9745,11.0854
2026-01-01T17:23:00,20.277,20.377000000000002,10.9704,11.0812
2026-01-01T17:24:00,20.3556,20.4556,10.9661,11.0769
2026-01-01T17:25:00,20.4355,20.535500000000003,10.9619,11.0726
2026-01-01T17:26:00,20.5168,20.6168,10.9577,11.0684
2026-01-01T17:27:00,20.5995,20.6995,10.9535,11.0641
2026-01-01T17:28:00,20.6835,20.7835,10.9492,11.0598
2026-01-01T17:29:00,20.7687,20.8687,10.945,11.0556
2026-01-01T17:30:00,20.8553,20.9553,10.9408,11.0513
2026-01-01T17:31:00,20.943,21.043000000000003,10.9382,11.0487
2026-01-01T17:32:00,21.032,21.132,10.9357,11.0462
2026-01-01T17:33:00,21.1222,21.2222,10.9332,11.0436
2026-01-01T17:34:00,21.2134,21.3134,10.9306,11.041
2026-01-01T17:35:00,21.3058,21.405800000000003,10.9281,11.0385
2026-01-01T17:36:00,21.3993,21.4993,10.9255,11.0359
2026-01-01T17:37:00,21.4939,21.5939,10.923,11.0333
2026-01-01T17:38:00,21.5894,21.689400000000003,10.9205,11.0308
2026-01-01T17:39:00,21.6859,21.7859,10.9179,11.0282
2026-01-01T17:40:00,21.7834,21.8834,10.9153,11.0256
2026-01-01T17:41:00,21.8818,21.9818,10.9129,11.0231
2026-01-01T17:42:00,21.981,22.081000000000003,10.9103,11.0205
2026-01-01T17:43:00,22.0811,22.1811,10.9077,11.0179
2026-01-01T17:44:00,22.182,22.282,10.9052,11.0154
2026-01-01T17:45:00,22.2837,22.3837,10.9027,11.0128
2026-01-01T17:46:00,22.3861,22.4861,10.9018,11.0119
2026-01-01T17:47:00,22.4893,22.5893,10.901,11.0111
2026-01-01T17:48:00,22.5931,22.6931,10.9001,11.0102
2026-01-01T17:49:00,22.6975,22.797500000000003,10.8993,11.0094
2026-01-01T17:50:00,22.8025,22.9025,10.8984,11.0085
2026-01-01T17:51:00,22.908,23.008000000000003,10.8976,11.0077
2026-01-01T17:52:00,23.0141,23.1141,10.8967,11.0068
2026-01-01T17:53:00,23.1206,23.2206,10.8959,11.006
2026-01-01T17:54:00,23.2276,23.3276,10.895,11.0051
2026-01-01T17:55:00,23.3349,23.434900000000003,10.8943,11.0043
2026-01-01T17:56:00,23.4427,23.5427,10.8934,11.0034
2026-01-01T17:57:00,23.5507,23.6507,10.8926,11.0026
2026-01-01T17:58:00,23.6591,23.7591,10.8917,11.0017
2026-01-01T17:59:00,23.7677,23.867700000000003,10.8909,11.0009
2026-01-01T18:05:00,24.4221,24.522100000000002,10.8943,11.0043
2026-01-01T18:06:00,24.5313,24.631300000000003,10.895,11.0051
2026-01-01T18:07:00,24.6405,24.7405,10.8959,11.006
2026-01-01T18:08:00,24.7495,24.849500000000003,10.8967,11.0068
2026-01-01T18:09:00,24.8584,24.9584,10.8976,11.0077
2026-01-01T18:10:00,24.9672,25.0672,10.8984,11.0085
2026-01-01T18:11:00,25.0757,25.175700000000003,10.8993,11.0094
2026-01-01T18:12:00,25.1839,25.283900000000003,10.9001,11.0102
2026-01-01T18:13:00,25.2919,25.3919,10.901,11.0111
2026-01-01T18:14:00,25.3995,25.4995,10.9018,11.0119
2026-01-01T18:15:00,25.5067,25.6067,10.9027,11.0128
2026-01-01T18:16:00,25.6136,25.713600000000003,10.9052,11.0154
2026-01-01T18:17:00,25.72,25.82,10.9077,11.0179
2026-01-01T18:18:00,25.8259,25.925900000000002,10.9103,11.0205
2026-01-01T18:19:00,25.9313,26.0313,10.9129,11.0231
2026-01-01T18:20:00,26.0362,26.136200000000002,10.9153,11.0256
2026-01-01T18:21:00,26.1405,26.2405,10.9179,11.0282
2026-01-01T18:22:00,26.2441,26.3441,10.9205,11.0308
2026-01-01T18:23:00,26.3471,26.447100000000002,10.923,11.0333
2026-01-01T18:24:00,26.4494,26.549400000000002,10.9255,11.0359
2026-01-01T18:25:00,26.551,26.651,10.9281,11.0385
2026-01-01T18:26:00,26.6518,26.751800000000003,10.9306,11.041
2026-01-01T18:27:00,26.7519,26.8519,10.9332,11.0436
2026-01-01T18:28:00,26.8511,26.9511,10.9357,11.0462
2026-01-01T18:29:00,26.9495,27.049500000000002,10.9382,11.0487
2026-01-01T18:30:00,27.047,27.147000000000002,10.9408,11.0513
2026-01-01T18:31:00,27.1435,27.2435,10.945,11.0556
2026-01-01T18:32:00,27.2391,27.339100000000002,10.9492,11.0598
2026-01-01T18:33:00,27.3338,27.4338,10.9535,11.0641
2026-01-01T18:34:00,27.4274,27.5274,10.9577,11.0684
2026-01-01T18:35:00,27.5201,27.6201,10.9619,11.0726
2026-01-01T18:36:00,27.6116,27.7116,10.9661,11.0769
2026-01-01T18:37:00,27.7021,27.802100000000003,10.9704,11.0812
2026-01-01T18:38:00,27.7914,27.8914,10.9745,11.0854
2026-01-01T18:39:00,27.8796,27.9796,10.9788,11.0897
2026-01-01T18:40:00,27.9667,28.0667,10.9831,11.094
2026-01-01T18:41:00,28.0525,28.1525,10.9872,11.0982
2026-01-01T18:42:00,28.1371,28.2371,10.9915,11.1025
2026-01-01T18:43:00,28.2205,28.320500000000003,10.9957,11.1068
2026-01-01T18:44:00,28.3027,28.402700000000003,10.9999,11.111
2026-01-01T18:45:00,28.3835,28.483500000000003,11.0041,11.1153
2026-01-01T18:46:00,28.4631,28.563100000000002,11.01,11.1212
2026-01-01T18:47:00,28.5413,28.6413,11.0159,11.1272
2026-01-01T18:48:00,28.6182,28.718200000000003,11.0218,11.1331
2026-01-01T18:49:00,28.6938,28.7938,11.0277,11.1391
2026-01-01T18:50:00,28.7679,28.867900000000002,11.0335,11.145
2026-01-01T18:51:00,28.8407,28.9407,11.0394,11.1509
2026-01-01T18:52:00,28.912,29.012,11.0453,11.1569
2026-01-01T18:53:00,28.9819,29.0819,11.0512,11.1628
2026-01-01T18:54:00,29.0504,29.1504,11.0571,11.1688
2026-01-01T18:55:00,29.1174,29.2174,11.063,11.1747
2026-01-01T18:56:00,29.1829,29.2829,11.0688,11.1806
2026-01-01T18:57:00,29.247,29.347,11.0747,11.1866
2026-01-01T18:58:00,29.3096,29.4096,11.0806,11.1925
2026-01-01T18:59:00,29.3706,29.4706,11.0865,11.1985
2026-01-01T19:00:00,29.4302,29.5302,11.0924,11.2044
2026-01-01T19:01:00,29.4882,29.5882,11.0999,11.212
2026-01-01T19:02:00,29.5447,29.6447,11.1074,11.2196
2026-01-01T19:03:00,29.5997,29.6997,11.1149,11.2272
2026-01-01T19:04:00,29.6531,29.7531,11.1225,11.2348
2026-01-01T19:05:00,29.7049,29.8049,11.13,11.2424
2026-01-01T19:06:00,29.7552,29.8552,11.1375,11.25
2026-01-01T19:07:00,29.804,29.904,11.145,11.2576
2026-01-01T19:08:00,29.8512,29.9512,11.1525,11.2652
2026-01-01T19:09:00,29.8968,29.9968,11.1601,11.2728
2026-01-01T19:10:00,29.9409,30.0409,11.1676,11.2804
2026-01-01T19:11:00,29.9834,30.0834,11.1751,11.288
2026-01-01T19:12:00,30.0243,30.1243,11.1826,11.2956
2026-01-01T19:13:00,30.0637,30.163700000000002,11.1902,11.3032
2026-01-01T19:14:00,30.1015,30.201500000000003,11.1977,11.3108
2026-01-01T19:15:00,30.1377,30.2377,11.2052,11.3184
2026-01-01T19:16:00,30.1725,30.2725,11.2143,11.3276
2026-01-01T19:17:00,30.2056,30.305600000000002,11.2234,11.3368
2026-01-01T19:18:00,30.2372,30.337200000000003,11.2326,11.3461
2026-01-01T19:19:00,30.2673,30.3673,11.2417,11.3553
2026-01-01T19:20:00,30.2959,30.3959,11.2509,11.3645
2026-01-01T19:21:00,30.3229,30.422900000000002,11.26,11.3737
2026-01-01T19:22:00,30.3484,30.448400000000003,11.2691,11.3829
2026-01-01T19:23:00,30.3725,30.4725,11.2783,11.3922
2026-01-01T19:24:00,30.395,30.495,11.2874,11.4014
2026-01-01T19:25:00,30.4161,30.5161,11.2965,11.4106
2026-01-01T19:26:00,30.4357,30.535700000000002,11.3056,11.4198
2026-01-01T19:27:00,30.4538,30.553800000000003,11.3147,11.429
2026-01-01T19:28:00,30.4706,30.570600000000002,11.3239,11.4383
2026-01-01T19:29:00,30.4859,30.585900000000002,11.333,11.4475
2026-01-01T19:30:00,30.4997,30.599700000000002,11.3421,11.4567
2026-01-01T19:31:00,30.5123,30.6123,11.3528,11.4675
2026-01-01T19:32:00,30.5234,30.6234,11.3635,11.4783
2026-01-01T19:33:00,30.5332,30.633200000000002,11.3742,11.4891
2026-01-01T19:34:00,30.5416,30.6416,11.3849,11.4999
2026-01-01T19:35:00,30.5487,30.6487,11.3956,11.5107
2026-01-01T19:36:00,30.5546,30.654600000000002,11.4063,11.5215
2026-01-01T19:37:00,30.5592,30.659200000000002,11.417,11.5323
2026-01-01T19:38:00,30.5625,30.6625,11.4278,11.5432
2026-01-01T19:39:00,30.5646,30.6646,11.4385,11.554
2026-01-01T19:40:00,30.5654,30.6654,11.4492,11.5648
2026-01-01T19:41:00,30.5651,30.665100000000002,11.4598,11.5756
2026-01-01T19:42:00,30.5637,30.663700000000002,11.4705,11.5864
2026-01-01T19:43:00,30.5611,30.6611,11.4812,11.5972
2026-01-01T19:44:00,30.5574,30.657400000000003,11.4919,11.608
2026-01-01T19:45:00,30.5526,30.652600000000003,11.5026,11.6188
2026-01-01T19:46:00,30.5468,30.646800000000002,11.5148,11.6311
2026-01-01T19:47:00,30.5399,30.6399,11.5271,11.6435
2026-01-01T19:48:00,30.5321,30.6321,11.5392,11.6558
2026-01-01T19:49:00,30.5232,30.6232,11.5514,11.6681
2026-01-01T19:50:00,30.5135,30.613500000000002,11.5637,11.6805
2026-01-01T19:51:00,30.5028,30.602800000000002,11.5759,11.6928
2026-01-01T19:52:00,30.4912,30.5912,11.588,11.7051
2026-01-01T19:53:00,30.4788,30.5788,11.6003,11.7175
2026-01-01T19:54:00,30.4656,30.5656,11.6125,11.7298
2026-01-01T19:55:00,30.4516,30.5516,11.6247,11.7421
2026-01-01T19:56:00,30.4368,30.536800000000003,11.637,11.7545
2026-01-01T19:57:00,30.4213,30.5213,11.6491,11.7668
2026-01-01T19:58:00,30.4051,30.505100000000002,11.6613,11.7791
2026-01-01T19:59:00,30.3883,30.488300000000002,11.6736,11.7915
2026-01-01T20:00:00,30.3708,30.4708,11.6858,11.8038
2026-01-01T20:01:00,30.3528,30.4528,11.6994,11.8176
2026-01-01T20:02:00,30.3342,30.4342,11.7132,11.8315
2026-01-01T20:03:00,30.315,30.415000000000003,11.7268,11.8453
2026-01-01T20:04:00,30.2954,30.395400000000002,11.7405,11.8591
2026-01-01T20:05:00,30.2753,30.375300000000003,11.7542,11.8729
2026-01-01T20:06:00,30.2548,30.3548,11.7679,11.8868
2026-01-01T20:07:00,30.2339,30.3339,11.7816,11.9006
2026-01-01T20:08:00,30.2127,30.312700000000003,11.7953,11.9144
2026-01-01T20:09:00,30.1912,30.2912,11.8089,11.9282
2026-01-01T20:10:00,30.1694,30.2694,11.8227,11.9421
2026-01-01T20:11:00,30.1473,30.247300000000003,11.8363,11.9559
2026-01-01T20:12:00,30.1251,30.2251,11.85,11.9697
2026-01-01T20:13:00,30.1026,30.2026,11.8637,11.9835
2026-01-01T20:14:00,30.0801,30.180100000000003,11.8774,11.9974
2026-01-01T20:15:00,30.0574,30.157400000000003,11.8911,12.0112
2026-01-01T20:16:00,30.0347,30.134700000000002,11.9061,12.0264
2026-01-01T20:17:00,30.012,30.112000000000002,11.9213,12.0417
2026-01-01T20:18:00,29.9893,30.0893,11.9363,12.0569
2026-01-01T20:19:00,29.9666,30.0666,11.9515,12.0722
2026-01-01T20:20:00,29.9441,30.0441,11.9665,12.0874
2026-01-01T20:21:00,29.9216,30.021600000000003,11.9817,12.1027
2026-01-01T20:22:00,29.8993,29.9993,11.9967,12.1179
2026-01-01T20:23:00,29.8772,29.9772,12.0119,12.1332
2026-01-01T20:24:00,29.8554,29.9554,12.0269,12.1484
2026-01-01T20:25:00,29.8338,29.9338,12.0421,12.1637
2026-01-01T20:26:00,29.8125,29.9125,12.0571,12.1789
2026-01-01T20:27:00,29.7916,29.8916,12.0723,12.1942
2026-01-01T20:28:00,29.771,29.871000000000002,12.0873,12.2094
2026-01-01T20:29:00,29.7508,29.850800000000003,12.1025,12.2247
2026-01-01T20:30:00,29.7311,29.831100000000003,12.1175,12.2399
2026-01-01T20:31:00,29.7119,29.8119,12.1339,12.2565
2026-01-01T20:32:00,29.6931,29.793100000000003,12.1504,12.2731
2026-01-01T20:33:00,29.675,29.775000000000002,12.1668,12.2897
2026-01-01T20:34:00,29.6574,29.7574,12.1832,12.3063
2026-01-01T20:35:00,29.6404,29.7404,12.1997,12.3229
2026-01-01T20:36:00,29.624,29.724,12.2161,12.3395
2026-01-01T20:37:00,29.6084,29.7084,12.2325,12.3561
2026-01-01T20:38:00,29.5934,29.6934,12.2491,12.3728
2026-01-01T20:39:00,29.5792,29.6792,12.2655,12.3894
2026-01-01T20:40:00,29.5658,29.6658,12.2819,12.406
2026-01-01T20:41:00,29.5532,29.653200000000002,12.2984,12.4226
2026-01-01T20:42:00,29.5414,29.6414,12.3148,12.4392
2026-01-01T20:43:00,29.5305,29.6305,12.3312,12.4558
2026-01-01T20:44:00,29.5205,29.6205,12.3477,12.4724
2026-01-01T20:45:00,29.5114,29.6114,12.3641,12.489
2026-01-01T20:46:00,29.5032,29.6032,12.3818,12.5069
2026-01-01T20:47:00,29.4961,29.5961,12.3996,12.5248
2026-01-01T20:48:00,29.4899,29.5899,12.4173,12.5427
2026-01-01T20:49:00,29.4848,29.5848,12.435,12.5606
2026-01-01T20:50:00,29.4807,29.5807,12.4527,12.5785
2026-01-01T20:51:00,29.4777,29.5777,12.4704,12.5964
2026-01-01T20:52:00,29.4759,29.5759,12.4882,12.6143
2026-01-01T20:53:00,29.4751,29.575100000000003,12.5058,12.6321
2026-01-01T20:54:00,29.4756,29.5756,12.5235,12.65
2026-01-01T20:55:00,29.4772,29.5772,12.5412,12.6679
2026-01-01T20:56:00,29.48,29.580000000000002,12.5589,12.6858
2026-01-01T20:57:00,29.484,29.584000000000003,12.5767,12.7037
2026-01-01T20:58:00,29.4893,29.5893,12.5944,12.7216
2026-01-01T20:59:00,29.4959,29.5959,12.6121,12.7395
2026-01-01T21:00:00,29.5037,29.6037,12.6298,12.7574
2026-01-01T21:01:00,29.5128,29.6128,12.6487,12.7765
2026-01-01T21:02:00,29.5233,29.6233,12.6676,12.7956
2026-01-01T21:03:00,29.5351,29.6351,12.6866,12.8147
2026-01-01T21:04:00,29.5483,29.648300000000003,12.7055,12.8338
2026-01-01T21:05:00,29.5628,29.6628,12.7244,12.8529
2026-01-01T21:06:00,29.5787,29.678700000000003,12.7433,12.872
2026-01-01T21:07:00,29.596,29.696,12.7622,12.8911
2026-01-01T21:08:00,29.6147,29.7147,12.7811,12.9102
2026-01-01T21:09:00,29.6349,29.7349,12.8,12.9293
2026-01-01T21:10:00,29.6565,29.756500000000003,12.8189,12.9484
2026-01-01T21:11:00,29.6795,29.779500000000002,12.8378,12.9675
2026-01-01T21:12:00,29.704,29.804000000000002,12.8567,12.9866
2026-01-01T21:13:00,29.73,29.830000000000002,12.8756,13.0057
2026-01-01T21:14:00,29.7574,29.857400000000002,12.8946,13.0248
2026-01-01T21:15:00,29.7863,29.886300000000002,12.9135,13.0439
2026-01-01T21:16:00,29.8167,29.916700000000002,12.9335,13.0641
2026-01-01T21:17:00,29.8486,29.948600000000003,12.9536,13.0844
2026-01-01T21:18:00,29.882,29.982000000000003,12.9736,13.1046
2026-01-01T21:19:00,29.9169,30.0169,12.9936,13.1248
2026-01-01T21:20:00,29.9533,30.0533,13.0136,13.1451
2026-01-01T21:21:00,29.9913,30.0913,13.0336,13.1653
2026-01-01T21:22:00,30.0307,30.1307,13.0536,13.1855
2026-01-01T21:23:00,30.0716,30.1716,13.0737,13.2058
2026-01-01T21:24:00,30.1141,30.214100000000002,13.0937,13.226
2026-01-01T21:25:00,30.158,30.258000000000003,13.1137,13.2462
2026-01-01T21:26:00,30.2035,30.3035,13.1338,13.2665
2026-01-01T21:27:00,30.2505,30.3505,13.1538,13.2867
2026-01-01T21:28:00,30.2989,30.3989,13.1738,13.3069
2026-01-01T21:29:00,30.3489,30.448900000000002,13.1939,13.3272
2026-01-01T21:30:00,30.4003,30.500300000000003,13.2139,13.3474
2026-01-01T21:31:00,30.4532,30.5532,13.235,13.3687
2026-01-01T21:32:00,30.5076,30.6076,13.2561,13.39
2026-01-01T21:33:00,30.5635,30.663500000000003,13.2771,13.4112
2026-01-01T21:34:00,30.6208,30.7208,13.2982,13.4325
2026-01-01T21:35:00,30.6796,30.779600000000002,13.3193,13.4538
2026-01-01T21:36:00,30.7398,30.8398,13.3403,13.4751
2026-01-01T21:37:00,30.8015,30.901500000000002,13.3614,13.4964
2026-01-01T21:38:00,30.8645,30.9645,13.3824,13.5176
2026-01-01T21:39:00,30.929,31.029,13.4035,13.5389
2026-01-01T21:40:00,30.9948,31.094800000000003,13.4246,13.5602
2026-01-01T21:41:00,31.062,31.162000000000003,13.4457,13.5815
2026-01-01T21:42:00,31.1305,31.230500000000003,13.4668,13.6028
2026-01-01T21:43:00,31.2004,31.3004,13.4878,13.624
2026-01-01T21:44:00,31.2716,31.3716,13.5088,13.6453
2026-01-01T21:45:00,31.3442,31.444200000000002,13.5299,13.6666
2026-01-01T21:46:00,31.418,31.518,13.5519,13.6888
2026-01-01T21:47:00,31.493,31.593,13.574,13.7111
2026-01-01T21:48:00,31.5693,31.6693,13.596,13.7333
2026-01-01T21:49:00,31.6469,31.7469,13.6179,13.7555
2026-01-01T21:50:00,31.7256,31.8256,13.6399,13.7777
2026-01-01T21:51:00,31.8055,31.9055,13.662,13.8
2026-01-01T21:52:00,31.8866,31.986600000000003,13.684,13.8222
2026-01-01T21:53:00,31.9687,32.0687,13.706,13.8444
2026-01-01T21:54:00,32.052,32.152,13.7279,13.8666
2026-01-01T21:55:00,32.1364,32.2364,13.75,13.8889
2026-01-01T21:56:00,32.2218,32.3218,13.772,13.9111
2026-01-01T21:57:00,32.3083,32.408300000000004,13.794,13.9333
2026-01-01T21:58:00,32.3957,32.4957,13.8159,13.9555
2026-01-01T21:59:00,32.4842,32.5842,13.838,13.9778
2026-01-01T22:00:00,32.5735,32.673500000000004,13.86,14.0
2026-01-01T22:01:00,32.6638,32.7638,13.8829,14.0231
2026-01-01T22:02:00,32.755,32.855000000000004,13.9057,14.0462
2026-01-01T22:03:00,32.847,32.947,13.9286,14.0693
2026-01-01T22:04:00,32.9399,33.0399,13.9514,14.0923
2026-01-01T22:05:00,33.0335,33.1335,13.9742,14.1154
2026-01-01T22:06:00,33.1279,33.2279,13.9971,14.1385
2026-01-01T22:07:00,33.223,33.323,14.02,14.1616
2026-01-01T22:08:00,33.3188,33.418800000000005,14.0429,14.1847
2026-01-01T22:09:00,33.4153,33.5153,14.0657,14.2078
2026-01-01T22:10:00,33.5124,33.6124,14.0886,14.2309
2026-01-01T22:11:00,33.6101,33.710100000000004,14.1115,14.254
2026-01-01T22:12:00,33.7084,33.8084,14.1342,14.277
2026-01-01T22:13:00,33.8072,33.9072,14.1571,14.3001
2026-01-01T22:14:00,33.9064,34.0064,14.18,14.3232
2026-01-01T22:15:00,34.0062,34.1062,14.2028,14.3463
2026-01-01T22:16:00,34.1063,34.2063,14.2264,14.3701
2026-01-01T22:17:00,34.2068,34.3068,14.2501,14.394
2026-01-01T22:18:00,34.3077,34.4077,14.2736,14.4178
2026-01-01T22:19:00,34.4089,34.508900000000004,14.2973,14.4417
2026-01-01T22:20:00,34.5103,34.6103,14.3208,14.4655
2026-01-01T22:21:00,34.612,34.712,14.3444,14.4893
2026-01-01T22:22:00,34.7139,34.813900000000004,14.3681,14.5132
2026-01-01T22:23:00,34.8159,34.9159,14.3916,14.537
2026-01-01T22:24:00,34.9181,35.018100000000004,14.4153,14.5609
2026-01-01T22:25:00,35.0203,35.1203,14.4389,14.5847
2026-01-01T22:26:00,35.1226,35.2226,14.4624,14.6085
2026-01-01T22:27:00,35.2248,35.3248,14.4861,14.6324
2026-01-01T22:28:00,35.3271,35.4271,14.5096,14.6562
2026-01-01T22:29:00,35.4293,35.5293,14.5333,14.6801
2026-01-01T22:30:00,35.5313,35.6313,14.5569,14.7039
2026-01-01T22:31:00,35.6332,35.733200000000004,14.5811,14.7284
2026-01-01T22:32:00,35.735,35.835,14.6054,14.7529
2026-01-01T22:33:00,35.8365,35.9365,14.6296,14.7774
2026-01-01T22:34:00,35.9377,36.0377,14.6539,14.8019
2026-01-01T22:35:00,36.0386,36.138600000000004,14.6781,14.8264
2026-01-01T22:36:00,36.1392,36.239200000000004,14.7024,14.8509
2026-01-01T22:37:00,36.2394,36.339400000000005,14.7266,14.8754
2026-01-01T22:38:00,36.3392,36.4392,14.7509,14.8999
2026-01-01T22:39:00,36.4386,36.5386,14.7752,14.9244
2026-01-01T22:40:00,36.5374,36.6374,14.7994,14.9489
2026-01-01T22:41:00,36.6357,36.7357,14.8237,14.9734
2026-01-01T22:42:00,36.7334,36.833400000000005,14.8479,14.9979
2026-01-01T22:43:00,36.8306,36.9306,14.8722,15.0224
2026-01-01T22:44:00,36.9271,37.027100000000004,14.8964,15.0469
2026-01-01T22:45:00,37.0229,37.1229,14.9207,15.0714
2026-01-01T22:46:00,37.1179,37.2179,14.9454,15.0964
2026-01-01T22:47:00,37.2123,37.3123,14.9703,15.1215
2026-01-01T22:48:00,37.3058,37.4058,14.995,15.1465
2026-01-01T22:49:00,37.3985,37.4985,15.0199,15.1716
2026-01-01T22:50:00,37.4904,37.5904,15.0446,15.1966
2026-01-01T22:51:00,37.5813,37.6813,15.0695,15.2217
2026-01-01T22:52:00,37.6713,37.771300000000004,15.0942,15.2467
2026-01-01T22:53:00,37.7604,37.8604,15.1191,15.2718
2026-01-01T22:54:00,37.8485,37.9485,15.1438,15.2968
2026-01-01T22:55:00,37.9355,38.0355,15.1687,15.3219
2026-01-01T22:56:00,38.0214,38.1214,15.1934,15.3469
2026-01-01T22:57:00,38.1063,38.2063,15.2183,15.372
2026-01-01T22:58:00,38.19,38.29,15.243,15.397
2026-01-01T22:59:00,38.2726,38.3726,15.2679,15.4221
2026-01-01T23:00:00,38.3539,38.453900000000004,15.2926,15.4471
2026-01-01T23:01:00,38.4341,38.5341,15.3179,15.4726
2026-01-01T23:02:00,38.513,38.613,15.3431,15.4981
2026-01-01T23:03:00,38.5906,38.6906,15.3684,15.5236
2026-01-01T23:04:00,38.6669,38.7669,15.3936,15.5491
2026-01-01T23:05:00,38.7418,38.8418,15.4189,15.5746
2026-01-01T23:06:00,38.8154,38.9154,15.4441,15.6001
2026-01-01T23:07:00,38.8876,38.9876,15.4693,15.6256
2026-01-01T23:08:00,38.9584,39.0584,15.4945,15.651
2026-01-01T23:09:00,39.0277,39.127700000000004,15.5197,15.6765
2026-01-01T23:10:00,39.0956,39.1956,15.545,15.702
2026-01-01T23:11:00,39.162,39.262,15.5702,15.7275
2026-01-01T23:12:00,39.2268,39.3268,15.5955,15.753
2026-01-01T23:13:00,39.2901,39.390100000000004,15.6207,15.7785
2026-01-01T23:14:00,39.3519,39.4519,15.646,15.804
2026-01-01T23:15:00,39.412,39.512,15.6712,15.8295
2026-01-01T23:16:00,39.4706,39.5706,15.6967,15.8553
2026-01-01T23:17:00,39.5275,39.627500000000005,15.7223,15.8811
2026-01-01T23:18:00,39.5828,39.6828,15.7479,15.907
2026-01-01T23:19:00,39.6364,39.7364,15.7735,15.9328
2026-01-01T23:20:00,39.6884,39.7884,15.799,15.9586
2026-01-01T23:21:00,39.7386,39.8386,15.8246,15.9844
2026-01-01T23:22:00,39.7872,39.8872,15.8501,16.0102
2026-01-01T23:23:00,39.834,39.934000000000005,15.8757,16.0361
2026-01-01T23:24:00,39.8791,39.9791,15.9013,16.0619
2026-01-01T23:25:00,39.9224,40.022400000000005,15.9268,16.0877
2026-01-01T23:26:00,39.9639,40.063900000000004,15.9524,16.1135
2026-01-01T23:27:00,40.0037,40.1037,15.9779,16.1393
2026-01-01T23:28:00,40.0417,40.1417,16.0035,16.1652
2026-01-01T23:29:00,40.0778,40.177800000000005,16.0291,16.191
2026-01-01T23:30:00,40.1122,40.2122,16.0546,16.2168
2026-01-01T23:31:00,40.1448,40.2448,16.0805,16.2429
2026-01-01T23:32:00,40.1755,40.2755,16.1062,16.2689
2026-01-01T23:33:00,40.2044,40.3044,16.1321,16.295
2026-01-01T23:34:00,40.2314,40.3314,16.1578,16.321
2026-01-01T23:35:00,40.2567,40.356700000000004,16.1836,16.3471
2026-01-01T23:36:00,40.28,40.38,16.2094,16.3731
2026-01-01T23:37:00,40.3015,40.4015,16.2352,16.3992
2026-01-01T23:38:00,40.3212,40.4212,16.2609,16.4252
2026-01-01T23:39:00,40.339,40.439,16.2868,16.4513
2026-01-01T23:40:00,40.355,40.455,16.3125,16.4773
2026-01-01T23:41:00,40.3691,40.469100000000005,16.3384,16.5034
2026-01-01T23:42:00,40.3814,40.4814,16.3641,16.5294
2026-01-01T23:43:00,40.3918,40.491800000000005,16.3899,16.5555
2026-01-01T23:44:00,40.4003,40.5003,16.4157,16.5815
2026-01-01T23:45:00,40.407,40.507,16.4415,16.6076
2026-01-01T23:46:00,40.4119,40.511900000000004,16.4675,16.6338
2026-01-01T23:47:00,40.415,40.515,16.4933,16.6599
2026-01-01T23:48:00,40.4162,40.516200000000005,16.5192,16.6861
2026-01-01T23:49:00,40.4156,40.5156,16.5451,16.7122
2026-01-01T23:50:00,40.4132,40.513200000000005,16.571,16.7384
2026-01-01T23:51:00,40.409,40.509,16.597,16.7646
2026-01-01T23:52:00,40.403,40.503,16.6228,16.7907
2026-01-01T23:53:00,40.3952,40.495200000000004,16.6487,16.8169
2026-01-01T23:54:00,40.3857,40.4857,16.6746,16.843
2026-01-01T23:55:00,40.3744,40.4744,16.7005,16.8692
2026-01-01T23:56:00,40.3614,40.461400000000005,16.7264,16.8954
2026-01-01T23:57:00,40.3466,40.446600000000004,16.7523,16.9215
2026-01-01T23:58:00,40.3301,40.4301,16.7782,16.9477
2026-01-01T23:59:00,40.312,40.412,16.8041,16.9738
2026-01-02T00:00:00,40.2921,40.3921,16.83,17.0
2026-01-02T00:01:00,40.2706,40.3706,16.8559,17.0262
2026-01-02T00:02:00,40.2474,40.3474,16.8818,17.0523
2026-01-02T00:03:00,40.2227,40.322700000000005,16.9077,17.0785
2026-01-02T00:04:00,40.1963,40.2963,16.9336,17.1046
2026-01-02T00:05:00,40.1683,40.2683,16.9595,17.1308
2026-01-02T00:06:00,40.1388,40.238800000000005,16.9854,17.157
2026-01-02T00:07:00,40.1077,40.2077,17.0113,17.1831
2026-01-02T00:08:00,40.0751,40.1751,17.0372,17.2093
2026-01-02T00:09:00,40.041,40.141,17.063,17.2354
2026-01-02T00:10:00,40.0054,40.1054,17.089,17.2616
2026-01-02T00:11:00,39.9684,40.068400000000004,17.1149,17.2878
2026-01-02T00:12:00,39.93,40.03,17.1408,17.3139
2026-01-02T00:13:00,39.8901,39.9901,17.1667,17.3401
2026-01-02T00:14:00,39.8489,39.9489,17.1925,17.3662
2026-01-02T00:15:00,39.8064,39.9064,17.2185,17.3924
2026-01-02T00:16:00,39.7625,39.862500000000004,17.2443,17.4185
2026-01-02T00:17:00,39.7174,39.8174,17.2701,17.4445
2026-01-02T00:18:00,39.671,39.771,17.2959,17.4706
2026-01-02T00:19:00,39.6233,39.7233,17.3216,17.4966
2026-01-02T00:20:00,39.5745,39.6745,17.3475,17.5227
2026-01-02T00:21:00,39.5245,39.624500000000005,17.3732,17.5487
2026-01-02T00:22:00,39.4734,39.5734,17.3991,17.5748
2026-01-02T00:23:00,39.4211,39.521100000000004,17.4248,17.6008
2026-01-02T00:24:00,39.3678,39.467800000000004,17.4506,17.6269
2026-01-02T00:25:00,39.3135,39.4135,17.4764,17.6529
2026-01-02T00:26:00,39.2581,39.3581,17.5022,17.679
2026-01-02T00:27:00,39.2018,39.3018,17.5279,17.705
2026-01-02T00:28:00,39.1445,39.2445,17.5538,17.7311
2026-01-02T00:29:00,39.0863,39.1863,17.5795,17.7571
2026-01-02T00:30:00,39.0273,39.1273,17.6054,17.7832
2026-01-02T00:31:00,38.9674,39.0674,17.6309,17.809
2026-01-02T00:32:00,38.9067,39.0067,17.6565,17.8348
2026-01-02T00:33:00,38.8453,38.9453,17.6821,17.8607
2026-01-02T00:34:00,38.7831,38.8831,17.7076,17.8865
2026-01-02T00:35:00,38.7202,38.8202,17.7332,17.9123
2026-01-02T00:36:00,38.6567,38.7567,17.7587,17.9381
2026-01-02T00:37:00,38.5925,38.6925,17.7843,17.9639
2026-01-02T00:38:00,38.5278,38.6278,17.8099,17.9898
2026-01-02T00:39:00,38.4625,38.5625,17.8354,18.0156
2026-01-02T00:40:00,38.3967,38.496700000000004,17.861,18.0414
2026-01-02T00:41:00,38.3304,38.4304,17.8865,18.0672
2026-01-02T00:42:00,38.2637,38.3637,17.9121,18.093
2026-01-02T00:43:00,38.1966,38.2966,17.9377,18.1189
2026-01-02T00:44:00,38.1291,38.2291,17.9633,18.1447
2026-01-02T00:45:00,38.0613,38.161300000000004,17.9888,18.1705
2026-01-02T00:46:00,37.9933,38.0933,18.014,18.196
2026-01-02T00:47:00,37.9249,38.0249,18.0393,18.2215
2026-01-02T00:48:00,37.8564,37.9564,18.0645,18.247
2026-01-02T00:49:00,37.7877,37.8877,18.0898,18.2725
2026-01-02T00:50:00,37.7188,37.8188,18.115,18.298
2026-01-02T00:51:00,37.6499,37.749900000000004,18.1403,18.3235
2026-01-02T00:52:00,37.5809,37.6809,18.1655,18.349
2026-01-02T00:53:00,37.5119,37.6119,18.1907,18.3744
2026-01-02T00:54:00,37.4429,37.5429,18.2159,18.3999
2026-01-02T00:55:00,37.3739,37.4739,18.2411,18.4254
2026-01-02T00:56:00,37.305,37.405,18.2664,18.4509
2026-01-02T00:57:00,37.2363,37.3363,18.2916,18.4764
2026-01-02T00:58:00,37.1677,37.267700000000005,18.3169,18.5019
2026-01-02T00:59:00,37.0993,37.1993,18.3421,18.5274
2026-01-02T01:00:00,37.0312,37.1312,18.3674,18.5529
2026-01-02T01:01:00,36.9633,37.0633,18.3921,18.5779
2026-01-02T01:02:00,36.8957,36.9957,18.417,18.603
2026-01-02T01:03:00,36.8285,36.9285,18.4417,18.628
2026-01-02T01:04:00,36.7617,36.8617,18.4666,18.6531
2026-01-02T01:05:00,36.6952,36.7952,18.4913,18.6781
2026-01-02T01:06:00,36.6292,36.7292,18.5162,18.7032
2026-01-02T01:07:00,36.5637,36.6637,18.5409,18.7282
2026-01-02T01:08:00,36.4987,36.5987,18.5658,18.7533
2026-01-02T01:09:00,36.4343,36.5343,18.5905,18.7783
2026-01-02T01:10:00,36.3704,36.4704,18.6154,18.8034
2026-01-02T01:11:00,36.3071,36.4071,18.6401,18.8284
2026-01-02T01:12:00,36.2445,36.344500000000004,18.665,18.8535
2026-01-02T01:13:00,36.1826,36.2826,18.6897,18.8785
2026-01-02T01:14:00,36.1213,36.2213,18.7146,18.9036
2026-01-02T01:15:00,36.0608,36.1608,18.7393,18.9286
2026-01-02T01:16:00,36.0011,36.1011,18.7636,18.9531
2026-01-02T01:17:00,35.9421,36.042100000000005,18.7878,18.9776
2026-01-02T01:18:00,35.884,35.984,18.8121,19.0021
2026-01-02T01:19:00,35.8268,35.9268,18.8363,19.0266
2026-01-02T01:20:00,35.7704,35.870400000000004,18.8606,19.0511
2026-01-02T01:21:00,35.7149,35.8149,18.8848,19.0756
2026-01-02T01:22:00,35.6604,35.760400000000004,18.9091,19.1001
2026-01-02T01:23:00,35.6068,35.7068,18.9334,19.1246
2026-01-02T01:24:00,35.5542,35.6542,18.9576,19.1491
2026-01-02T01:25:00,35.5026,35.6026,18.9819,19.1736
2026-01-02T01:26:00,35.4521,35.5521,19.0061,19.1981
2026-01-02T01:27:00,35.4026,35.5026,19.0304,19.2226
2026-01-02T01:28:00,35.3541,35.454100000000004,19.0546,19.2471
2026-01-02T01:29:00,35.3068,35.406800000000004,19.0789,19.2716
2026-01-02T01:30:00,35.2606,35.3606,19.1031,19.2961
2026-01-02T01:31:00,35.2156,35.3156,19.1267,19.3199
2026-01-02T01:32:00,35.1717,35.2717,19.1504,19.3438
2026-01-02T01:33:00,35.1289,35.2289,19.1739,19.3676
2026-01-02T01:34:00,35.0874,35.187400000000004,19.1976,19.3915
2026-01-02T01:35:00,35.0471,35.1471,19.2211,19.4153
2026-01-02T01:36:00,35.008,35.108000000000004,19.2447,19.4391
2026-01-02T01:37:00,34.9702,35.0702,19.2684,19.463
2026-01-02T01:38:00,34.9337,35.0337,19.2919,19.4868
2026-01-02T01:39:00,34.8984,34.998400000000004,19.3156,19.5107
2026-01-02T01:40:00,34.8644,34.964400000000005,19.3392,19.5345
2026-01-02T01:41:00,34.8317,34.9317,19.3627,19.5583
2026-01-02T01:42:00,34.8003,34.9003,19.3864,19.5822
2026-01-02T01:43:00,34.7702,34.870200000000004,19.4099,19.606
2026-01-02T01:44:00,34.7415,34.8415,19.4336,19.6299
2026-01-02T01:45:00,34.7141,34.8141,19.4572,19.6537
2026-01-02T01:46:00,34.6881,34.7881,18.1799,18.3635
2026-01-02T01:47:00,34.6634,34.763400000000004,16.9025,17.0732
2026-01-02T01:48:00,34.6401,34.7401,15.6252,15.783
2026-01-02T01:49:00,34.6182,34.7182,14.3478,14.4927
2026-01-02T01:50:00,34.5976,34.6976,13.0705,13.2025
2026-01-02T01:51:00,34.5784,34.6784,11.7931,11.9122
2026-01-02T01:52:00,34.5606,34.6606,10.5158,10.622
2026-01-02T01:53:00,34.5442,34.6442,9.2384,9.3317
2026-01-02T01:54:00,34.5291,34.6291,7.9611,8.0415
2026-01-02T01:55:00,34.5155,34.615500000000004,6.6837,6.7512
2026-01-02T01:56:00,34.5032,34.6032,5.4064,5.461
2026-01-02T01:57:00,34.4924,34.592400000000005,4.129,4.1707
2026-01-02T01:58:00,34.4829,34.5829,2.8517,2.8805
2026-01-02T01:59:00,34.4747,34.5747,1.5743,1.5902
2026-01-02T02:00:00,34.468,34.568000000000005,1.1088,1.12
2026-01-02T02:01:00,34.4626,34.5626,1.1088,1.12
2026-01-02T02:02:00,34.4586,34.5586,1.1088,1.12
2026-01-02T02:03:00,34.456,34.556000000000004,1.1088,1.12
2026-01-02T02:04:00,34.4547,34.554700000000004,1.1088,1.12
2026-01-02T02:05:00,34.4547,34.554700000000004,1.1088,1.12
2026-01-02T02:06:00,34.4561,34.5561,1.1088,1.12
2026-01-02T02:07:00,34.4588,34.5588,1.1088,1.12
2026-01-02T02:08:00,34.4628,34.5628,1.1088,1.12
2026-01-02T02:09:00,34.4681,34.5681,1.1088,1.12
2026-01-02T02:10:00,34.4747,34.5747,1.1088,1.12
2026-01-02T02:11:00,34.4826,34.5826,1.1088,1.12
2026-01-02T02:12:00,34.4918,34.5918,1.1088,1.12
2026-01-02T02:13:00,34.5022,34.6022,1.1088,1.12
2026-01-02T02:14:00,34.5138,34.613800000000005,1.1088,1.12
2026-01-02T02:15:00,34.5266,34.6266,1.1088,1.12
2026-01-02T02:16:00,34.5407,34.6407,1.1088,1.12
2026-01-02T02:17:00,34.5559,34.6559,1.1088,1.12
2026-01-02T02:18:00,34.5723,34.6723,1.1088,1.12
2026-01-02T02:19:00,34.5898,34.6898,1.1088,1.12
2026-01-02T02:20:00,34.6084,34.708400000000005,-0.1,1.12
2026-01-02T02:21:00,34.6282,34.7282,-0.1,1.12
2026-01-02T02:22:00,34.649,34.749,-0.1,1.12
2026-01-02T02:23:00,34.6709,34.770900000000005,-0.1,1.12
2026-01-02T02:24:00,34.6938,34.793800000000005,-0.1,1.12
2026-01-02T02:25:00,34.7177,34.8177,1.1088,1.12
2026-01-02T02:26:00,34.7426,34.842600000000004,1.1088,1.12
2026-01-02T02:27:00,34.7685,34.868500000000004,1.1088,1.12
2026-01-02T02:28:00,34.7953,34.8953,1.1088,1.12
2026-01-02T02:29:00,34.823,34.923,1.1088,1.12
2026-01-02T02:30:00,34.8516,34.9516,1.1088,1.12
2026-01-02T02:31:00,34.8811,34.981100000000005,1.1088,1.12
2026-01-02T02:32:00,34.9114,35.0114,1.1088,1.12
2026-01-02T02:33:00,34.9425,35.042500000000004,1.1088,1.12
2026-01-02T02:34:00,34.9743,35.0743,1.1088,1.12
2026-01-02T02:35:00,35.0069,35.1069,1.1088,1.12
2026-01-02T02:36:00,35.0402,35.1402,1.1088,1.12
2026-01-02T02:37:00,35.0742,35.1742,1.1088,1.12
2026-01-02T02:38:00,35.1088,35.208800000000004,1.1088,1.12
2026-01-02T02:39:00,35.1441,35.2441,1.1088,1.12
2026-01-02T02:40:00,35.1799,35.279900000000005,1.1088,1.12
2026-01-02T02:41:00,35.2163,35.3163,1.1088,1.12
2026-01-02T02:42:00,35.2532,35.3532,1.1088,1.12
2026-01-02T02:43:00,35.2906,35.3906,1.1088,1.12
2026-01-02T02:44:00,35.3285,35.4285,1.1088,1.12
2026-01-02T02:45:00,35.3668,35.4668,1.1088,1.12
2026-01-02T02:46:00,35.4054,35.5054,1.1088,1.12
2026-01-02T02:47:00,35.4444,35.5444,1.1088,1.12
2026-01-02T02:48:00,35.4837,35.5837,1.1088,1.12
2026-01-02T02:49:00,35.5233,35.6233,1.1088,1.12
2026-01-02T02:50:00,35.5632,35.6632,1.1088,1.12
2026-01-02T02:51:00,35.6033,35.7033,1.1088,1.12
2026-01-02T02:52:00,35.6435,35.743500000000004,1.1088,1.12
2026-01-02T02:53:00,35.6839,35.7839,1.1088,1.12
2026-01-02T02:54:00,35.7243,35.8243,1.1088,1.12
2026-01-02T02:55:00,35.7649,35.8649,1.1088,1.12
2026-01-02T02:56:00,35.8054,35.9054,1.1088,1.12
2026-01-02T02:57:00,35.846,35.946,1.1088,1.12
2026-01-02T02:58:00,35.8865,35.9865,1.1088,1.12
2026-01-02T02:59:00,35.9269,36.026900000000005,1.1088,1.12
2026-01-02T03:00:00,35.9673,36.0673,1.1088,1.12
2026-01-02T03:01:00,36.0074,36.1074,1.1088,1.12
2026-01-02T03:02:00,36.0474,36.147400000000005,1.1088,1.12
2026-01-02T03:03:00,36.0871,36.1871,1.1088,1.12
2026-01-02T03:04:00,36.1266,36.226600000000005,1.1088,1.12
2026-01-02T03:05:00,36.1658,36.2658,1.1088,1.12
2026-01-02T03:06:00,36.2046,36.3046,1.1088,1.12
2026-01-02T03:07:00,36.2431,36.3431,1.1088,1.12
2026-01-02T03:08:00,36.2811,36.3811,1.1088,1.12
2026-01-02T03:09:00,36.3187,36.4187,1.1088,1.12
2026-01-02T03:10:00,36.3558,36.4558,1.1088,1.12
2026-01-02T03:11:00,36.3924,36.4924,1.1088,1.12
2026-01-02T03:12:00,36.4284,36.528400000000005,1.1088,1.12
2026-01-02T03:13:00,36.4639,36.563900000000004,1.1088,1.12
2026-01-02T03:14:00,36.4987,36.5987,1.1088,1.12
2026-01-02T03:15:00,36.5328,36.6328,1.1088,1.12
2026-01-02T03:16:00,36.5663,36.6663,1.1088,1.12
2026-01-02T03:17:00,36.599,36.699,1.1088,1.12
2026-01-02T03:18:00,36.6309,36.7309,1.1088,1.12
2026-01-02T03:19:00,36.6621,36.762100000000004,1.1088,1.12
2026-01-02T03:20:00,36.6924,36.7924,1.1088,1.12
2026-01-02T03:21:00,36.7218,36.8218,1.1088,1.12
2026-01-02T03:22:00,36.7503,36.850300000000004,1.1088,1.12
2026-01-02T03:23:00,36.7779,36.877900000000004,1.1088,1.12
2026-01-02T03:24:00,36.8046,36.9046,1.1088,1.12
2026-01-02T03:25:00,36.8302,36.9302,1.1088,1.12
2026-01-02T03:26:00,36.8548,36.9548,1.1088,1.12
2026-01-02T03:27:00,36.8784,36.9784,1.1088,1.12
2026-01-02T03:28:00,36.9008,37.0008,1.1088,1.12
2026-01-02T03:29:00,36.9221,37.0221,1.1088,1.12
2026-01-02T03:30:00,36.9423,37.042300000000004,1.1088,1.12
2026-01-02T03:31:00,36.9613,37.0613,1.1088,1.12
2026-01-02T03:32:00,36.9791,37.079100000000004,1.1088,1.12
2026-01-02T03:33:00,36.9957,37.0957,1.1088,1.12
2026-01-02T03:34:00,37.011,37.111000000000004,1.1088,1.12
2026-01-02T03:35:00,37.025,37.125,1.1088,1.12
2026-01-02T03:36:00,37.0377,37.1377,1.1088,1.12
2026-01-02T03:37:00,37.049,37.149,1.1088,1.12
2026-01-02T03:38:00,37.059,37.159,1.1088,1.12
2026-01-02T03:39:00,37.0676,37.1676,1.1088,1.12
2026-01-02T03:40:00,37.0748,37.174800000000005,1.1088,1.12
2026-01-02T03:41:00,37.0805,37.1805,1.1088,1.12
2026-01-02T03:42:00,37.0848,37.1848,1.1088,1.12
2026-01-02T03:43:00,37.0876,37.1876,1.1088,1.12
2026-01-02T03:44:00,37.0889,37.188900000000004,1.1088,1.12
2026-01-02T03:45:00,37.0887,37.188700000000004,1.1088,1.12
2026-01-02T03:46:00,37.087,37.187000000000005,1.7421,1.7597
2026-01-02T03:47:00,37.0837,37.1837,3.1873,3.2195
2026-01-02T03:48:00,37.0788,37.1788,4.6324,4.6792
2026-01-02T03:49:00,37.0724,37.1724,6.0776,6.139
2026-01-02T03:50:00,37.0643,37.164300000000004,7.5227,7.5987
2026-01-02T03:51:00,37.0546,37.1546,8.9679,9.0585
2026-01-02T03:52:00,37.0433,37.1433,10.413,10.5182
2026-01-02T03:53:00,37.0303,37.1303,11.8582,11.978
2026-01-02T03:54:00,37.0157,37.115700000000004,13.3033,13.4377
2026-01-02T03:55:00,36.9994,37.0994,14.7485,14.8975
2026-01-02T03:56:00,36.9814,37.0814,16.1936,16.3572
2026-01-02T03:57:00,36.9617,37.0617,17.6388,17.817
2026-01-02T03:58:00,36.9404,37.0404,19.0839,19.2767
2026-01-02T03:59:00,36.9173,37.0173,20.5291,20.7365
2026-01-02T04:00:00,36.8924,36.9924,21.9742,22.1962
2026-01-02T04:01:00,36.8659,36.965900000000005,21.9864,22.2085
2026-01-02T04:02:00,36.8376,36.9376,21.9987,22.2209
2026-01-02T04:03:00,36.8076,36.9076,22.0109,22.2332
2026-01-02T04:04:00,36.7758,36.8758,22.023,22.2455
2026-01-02T04:05:00,36.7423,36.8423,22.0353,22.2579
2026-01-02T04:06:00,36.7071,36.8071,22.0475,22.2702
2026-01-02T04:07:00,36.6701,36.7701,22.0597,22.2825
2026-01-02T04:08:00,36.6313,36.731300000000005,22.072,22.2949
2026-01-02T04:09:00,36.5908,36.6908,22.0841,22.3072
2026-01-02T04:10:00,36.5485,36.6485,22.0963,22.3195
2026-01-02T04:11:00,36.5045,36.6045,22.1086,22.3319
2026-01-02T04:12:00,36.4588,36.5588,22.1208,22.3442
2026-01-02T04:13:00,36.4113,36.5113,22.1329,22.3565
2026-01-02T04:14:00,36.3621,36.4621,22.1452,22.3689
2026-01-02T04:15:00,36.3111,36.411100000000005,22.1574,22.3812
2026-01-02T04:16:00,36.2584,36.3584,22.1681,22.392
2026-01-02T04:17:00,36.204,36.304,22.1788,22.4028
2026-01-02T04:18:00,36.1479,36.2479,22.1895,22.4136
2026-01-02T04:19:00,36.0901,36.1901,22.2002,22.4244
2026-01-02T04:20:00,36.0306,36.1306,22.2108,22.4352
2026-01-02T04:21:00,35.9694,36.0694,22.2215,22.446
2026-01-02T04:22:00,35.9066,36.0066,22.2322,22.4568
2026-01-02T04:23:00,35.8421,35.9421,22.243,22.4677
2026-01-02T04:24:00,35.7759,35.8759,22.2537,22.4785
2026-01-02T04:25:00,35.7081,35.8081,22.2644,22.4893
2026-01-02T04:26:00,35.6388,35.738800000000005,22.2751,22.5001
2026-01-02T04:27:00,35.5678,35.6678,22.2858,22.5109
2026-01-02T04:28:00,35.4952,35.5952,22.2965,22.5217
2026-01-02T04:29:00,35.421,35.521,22.3072,22.5325
2026-01-02T04:30:00,35.3454,35.4454,22.3179,22.5433
2026-01-02T04:31:00,35.2681,35.3681,22.327,22.5525
2026-01-02T04:32:00,35.1894,35.2894,22.3361,22.5617
2026-01-02T04:33:00,35.1092,35.2092,22.3453,22.571
2026-01-02T04:34:00,35.0275,35.127500000000005,22.3544,22.5802
2026-01-02T04:35:00,34.9444,35.0444,22.3635,22.5894
2026-01-02T04:36:00,34.8598,34.9598,22.3726,22.5986
2026-01-02T04:37:00,34.7739,34.8739,22.3817,22.6078
2026-01-02T04:38:00,34.6866,34.7866,22.3909,22.6171
2026-01-02T04:39:00,34.5979,34.697900000000004,22.4,22.6263
2026-01-02T04:40:00,34.5079,34.6079,22.4091,22.6355
2026-01-02T04:41:00,34.4166,34.516600000000004,22.4183,22.6447
2026-01-02T04:42:00,34.324,34.424,22.4274,22.6539
2026-01-02T04:43:00,34.2302,34.330200000000005,22.4366,22.6632
2026-01-02T04:44:00,34.1351,34.2351,22.4457,22.6724
2026-01-02T04:45:00,34.0389,34.1389,22.4548,22.6816
2026-01-02T04:46:00,33.9415,34.0415,22.4623,22.6892
2026-01-02T04:47:00,33.843,33.943000000000005,22.4698,22.6968
2026-01-02T04:48:00,33.7434,33.8434,22.4774,22.7044
2026-01-02T04:49:00,33.6427,33.7427,22.4849,22.712
2026-01-02T04:50:00,33.541,33.641,22.4924,22.7196
2026-01-02T04:51:00,33.4383,33.5383,22.4999,22.7272
2026-01-02T04:52:00,33.3346,33.4346,22.5075,22.7348
2026-01-02T04:53:00,33.2299,33.3299,22.515,22.7424
2026-01-02T04:54:00,33.1244,33.2244,22.5225,22.75
2026-01-02T04:55:00,33.018,33.118,22.53,22.7576
2026-01-02T04:56:00,32.9107,33.0107,22.5375,22.7652
2026-01-02T04:57:00,32.8026,32.9026,22.5451,22.7728
2026-01-02T04:58:00,32.6938,32.793800000000005,22.5526,22.7804
2026-01-02T04:59:00,32.5843,32.6843,22.5601,22.788
2026-01-02T05:00:00,32.474,32.574,22.5676,22.7956
2026-01-02T05:01:00,32.3631,32.463100000000004,22.5735,22.8015
2026-01-02T05:02:00,32.2515,32.3515,22.5794,22.8075
2026-01-02T05:03:00,32.1394,32.2394,22.5853,22.8134
2026-01-02T05:04:00,32.0267,32.1267,22.5912,22.8194
2026-01-02T05:05:00,31.9135,32.0135,22.597,22.8253
2026-01-02T05:06:00,31.7999,31.899900000000002,22.6029,22.8312
2026-01-02T05:07:00,31.6857,31.785700000000002,22.6088,22.8372
2026-01-02T05:08:00,31.5712,31.671200000000002,22.6147,22.8431
2026-01-02T05:09:00,31.4564,31.5564,22.6206,22.8491
2026-01-02T05:10:00,31.3412,31.441200000000002,22.6265,22.855
2026-01-02T05:11:00,31.2257,31.3257,22.6323,22.8609
2026-01-02T05:12:00,31.11,31.21,22.6382,22.8669
2026-01-02T05:13:00,30.994,31.094,22.6441,22.8728
2026-01-02T05:14:00,30.878,30.978,22.65,22.8788
2026-01-02T05:15:00,30.7617,30.861700000000003,22.6559,22.8847
2026-01-02T05:16:00,30.6454,30.7454,22.6601,22.889
2026-01-02T05:17:00,30.529,30.629,22.6643,22.8932
2026-01-02T05:18:00,30.4127,30.512700000000002,22.6685,22.8975
2026-01-02T05:19:00,30.2963,30.3963,22.6728,22.9018
2026-01-02T05:20:00,30.18,30.28,22.6769,22.906
2026-01-02T05:21:00,30.0639,30.1639,22.6812,22.9103
2026-01-02T05:22:00,29.9478,30.047800000000002,22.6855,22.9146
2026-01-02T05:23:00,29.832,29.932000000000002,22.6896,22.9188
2026-01-02T05:24:00,29.7163,29.816300000000002,22.6939,22.9231
2026-01-02T05:25:00,29.601,29.701,22.6981,22.9274
2026-01-02T05:26:00,29.4859,29.585900000000002,22.7023,22.9316
2026-01-02T05:27:00,29.3711,29.4711,22.7065,22.9359
2026-01-02T05:28:00,29.2568,29.3568,22.7108,22.9402
2026-01-02T05:29:00,29.1428,29.242800000000003,22.715,22.9444
2026-01-02T05:30:00,29.0293,29.1293,22.7192,22.9487
2026-01-02T05:31:00,28.9163,29.0163,22.7218,22.9513
2026-01-02T05:32:00,28.8038,28.9038,22.7243,22.9538
2026-01-02T05:33:00,28.6919,28.791900000000002,22.7268,22.9564
2026-01-02T05:34:00,28.5805,28.680500000000002,22.7294,22.959
2026-01-02T05:35:00,28.4698,28.5698,22.7319,22.9615
2026-01-02T05:36:00,28.3598,28.4598,22.7345,22.9641
2026-01-02T05:37:00,28.2505,28.3505,22.737,22.9667
2026-01-02T05:38:00,28.1419,28.2419,22.7395,22.9692
2026-01-02T05:39:00,28.034,28.134,22.7421,22.9718
2026-01-02T05:40:00,27.927,28.027,22.7447,22.9744
2026-01-02T05:41:00,27.8208,27.9208,22.7471,22.9769
2026-01-02T05:42:00,27.7155,27.8155,22.7497,22.9795
2026-01-02T05:43:00,27.6111,27.711100000000002,22.7523,22.9821
2026-01-02T05:44:00,27.5077,27.6077,22.7548,22.9846
2026-01-02T05:45:00,27.4052,27.505200000000002,22.7573,22.9872
2026-01-02T05:46:00,27.3037,27.4037,22.7582,22.9881
2026-01-02T05:47:00,27.2033,27.3033,22.759,22.9889
2026-01-02T05:48:00,27.1039,27.2039,22.7599,22.9898
2026-01-02T05:49:00,27.0056,27.105600000000003,22.7607,22.9906
2026-01-02T05:50:00,26.9084,27.0084,22.7616,22.9915
2026-01-02T05:51:00,26.8124,26.9124,22.7624,22.9923
2026-01-02T05:52:00,26.7175,26.817500000000003,22.7633,22.9932
2026-01-02T05:53:00,26.6238,26.7238,22.7641,22.994
2026-01-02T05:54:00,26.5314,26.631400000000003,22.765,22.9949
2026-01-02T05:55:00,26.4402,26.540200000000002,22.7657,22.9957
2026-01-02T05:56:00,26.3504,26.450400000000002,22.7666,22.9966
2026-01-02T05:57:00,26.2618,26.361800000000002,22.7674,22.9974
2026-01-02T05:58:00,26.1745,26.2745,22.7683,22.9983
2026-01-02T05:59:00,26.0886,26.1886,22.7691,22.9991
2026-01-02T06:00:00,26.0041,26.104100000000003,22.77,23.0
2026-01-02T06:01:00,25.9209,26.0209,22.7691,22.9991
2026-01-02T06:02:00,25.8392,25.939200000000003,22.7683,22.9983
2026-01-02T06:03:00,25.7589,25.858900000000002,22.7674,22.9974
2026-01-02T06:04:00,25.6801,25.7801,22.7666,22.9966
2026-01-02T06:05:00,25.6027,25.7027,22.7657,22.9957
2026-01-02T06:06:00,25.5269,25.626900000000003,22.765,22.9949
2026-01-02T06:07:00,25.4525,25.552500000000002,22.7641,22.994
2026-01-02T06:08:00,25.3796,25.4796,22.7633,22.9932
2026-01-02T06:09:00,25.3083,25.4083,22.7624,22.9923
2026-01-02T06:10:00,25.2386,25.338600000000003,22.7616,22.9915
2026-01-02T06:11:00,25.1704,25.270400000000002,22.7607,22.9906
2026-01-02T06:12:00,25.1038,25.2038,22.7599,22.9898
2026-01-02T06:13:00,25.0388,25.1388,22.759,22.9889
2026-01-02T06:14:00,24.9754,25.075400000000002,22.7582,22.9881
2026-01-02T06:15:00,24.9136,25.0136,22.7573,22.9872
2026-01-02T06:16:00,24.8534,24.953400000000002,22.7548,22.9846
2026-01-02T06:17:00,24.7948,24.8948,22.7523,22.9821
2026-01-02T06:18:00,24.7379,24.8379,22.7497,22.9795
2026-01-02T06:19:00,24.6827,24.782700000000002,22.7471,22.9769
2026-01-02T06:20:00,24.629,24.729000000000003,22.7447,22.9744
2026-01-02T06:21:00,24.5771,24.677100000000003,22.7421,22.9718
2026-01-02T06:22:00,24.5268,24.626800000000003,22.7395,22.9692
2026-01-02T06:23:00,24.4781,24.578100000000003,22.737,22.9667
2026-01-02T06:24:00,24.4311,24.531100000000002,22.7345,22.9641
2026-01-02T06:25:00,24.3858,24.4858,22.7319,22.9615
2026-01-02T06:26:00,24.3422,24.4422,22.7294,22.959
2026-01-02T06:27:00,24.3002,24.4002,22.7268,22.9564
2026-01-02T06:28:00,24.2599,24.3599,22.7243,22.9538
2026-01-02T06:29:00,24.2212,24.3212,22.7218,22.9513
2026-01-02T06:30:00,24.1842,24.284200000000002,22.7192,22.9487
2026-01-02T06:31:00,24.1489,24.248900000000003,22.715,22.9444
2026-01-02T06:32:00,24.1152,24.215200000000003,22.7108,22.9402
2026-01-02T06:33:00,24.0832,24.183200000000003,22.7065,22.9359
2026-01-02T06:34:00,24.0528,24.152800000000003,22.7023,22.9316
2026-01-02T06:35:00,24.024,24.124000000000002,22.6981,22.9274
2026-01-02T06:36:00,23.9968,24.0968,22.6939,22.9231
2026-01-02T06:37:00,23.9713,24.0713,22.6896,22.9188
2026-01-02T06:38:00,23.9474,24.0474,22.6855,22.9146
2026-01-02T06:39:00,23.9251,24.025100000000002,22.6812,22.9103
2026-01-02T06:40:00,23.9043,24.0043,22.6769,22.906
2026-01-02T06:41:00,23.8852,23.985200000000003,22.6728,22.9018
2026-01-02T06:42:00,23.8675,23.9675,22.6685,22.8975
2026-01-02T06:43:00,23.8515,23.951500000000003,22.6643,22.8932
2026-01-02T06:44:00,23.8369,23.9369,22.6601,22.889
2026-01-02T06:45:00,23.8239,23.9239,22.6559,22.8847
2026-01-02T06:46:00,23.8124,23.9124,22.65,22.8788
2026-01-02T06:47:00,23.8023,23.9023,22.6441,22.8728
2026-01-02T06:48:00,23.7937,23.893700000000003,22.6382,22.8669
2026-01-02T06:49:00,23.7866,23.8866,22.6323,22.8609
2026-01-02T06:50:00,23.7809,23.8809,22.6265,22.855
2026-01-02T06:51:00,23.7765,23.8765,22.6206,22.8491
2026-01-02T06:52:00,23.7736,23.8736,22.6147,22.8431
2026-01-02T06:53:00,23.7721,23.8721,22.6088,22.8372
2026-01-02T06:54:00,23.7718,23.8718,22.6029,22.8312
2026-01-02T06:55:00,23.7729,23.8729,22.597,22.8253
2026-01-02T06:56:00,23.7753,23.875300000000003,22.5912,22.8194
2026-01-02T06:57:00,23.779,23.879,22.5853,22.8134
2026-01-02T06:58:00,23.7839,23.8839,22.5794,22.8075
2026-01-02T06:59:00,23.79,23.89,22.5735,22.8015
2026-01-02T07:00:00,23.7973,23.8973,22.5676,22.7956
2026-01-02T07:01:00,23.8058,23.905800000000003,22.5601,22.788
2026-01-02T07:02:00,23.8154,23.9154,22.5526,22.7804
2026-01-02T07:03:00,23.8261,23.9261,22.5451,22.7728
2026-01-02T07:04:00,23.8379,23.937900000000003,22.5375,22.7652
2026-01-02T07:05:00,23.8508,23.9508,22.53,22.7576
2026-01-02T07:06:00,23.8647,23.9647,22.5225,22.75
2026-01-02T07:07:00,23.8796,23.9796,22.515,22.7424
2026-01-02T07:08:00,23.8954,23.9954,22.5075,22.7348
2026-01-02T07:09:00,23.9122,24.0122,22.4999,22.7272
2026-01-02T07:10:00,23.9299,24.0299,22.4924,22.7196
2026-01-02T07:11:00,23.9484,24.0484,22.4849,22.712
2026-01-02T07:12:00,23.9678,24.067800000000002,22.4774,22.7044
2026-01-02T07:13:00,23.988,24.088,22.4698,22.6968
2026-01-02T07:14:00,24.009,24.109,22.4623,22.6892
2026-01-02T07:15:00,24.0307,24.1307,22.4548,22.6816
2026-01-02T07:16:00,24.0531,24.153100000000002,22.4457,22.6724
2026-01-02T07:17:00,24.0762,24.1762,22.4366,22.6632
2026-01-02T07:18:00,24.0999,24.199900000000003,22.4274,22.6539
2026-01-02T07:19:00,24.1243,24.224300000000003,22.4183,22.6447
2026-01-02T07:20:00,24.1491,24.249100000000002,22.4091,22.6355
2026-01-02T07:21:00,24.1746,24.274600000000003,22.4,22.6263
2026-01-02T07:22:00,24.2005,24.300500000000003,22.3909,22.6171
2026-01-02T07:23:00,24.2269,24.326900000000002,22.3817,22.6078
2026-01-02T07:24:00,24.2537,24.3537,22.3726,22.5986
2026-01-02T07:25:00,24.2809,24.3809,22.3635,22.5894
2026-01-02T07:26:00,24.3084,24.4084,22.3544,22.5802
2026-01-02T07:27:00,24.3363,24.436300000000003,22.3453,22.571
2026-01-02T07:28:00,24.3645,24.4645,22.3361,22.5617
2026-01-02T07:29:00,24.3928,24.492800000000003,22.327,22.5525
2026-01-02T07:30:00,24.4214,24.5214,22.3179,22.5433
2026-01-02T07:31:00,24.4502,24.5502,22.3072,22.5325
2026-01-02T07:32:00,24.4791,24.5791,22.2965,22.5217
2026-01-02T07:33:00,24.5081,24.6081,22.2858,22.5109
2026-01-02T07:34:00,24.5372,24.6372,22.2751,22.5001
2026-01-02T07:35:00,24.5663,24.6663,22.2644,22.4893
2026-01-02T07:36:00,24.5954,24.695400000000003,22.2537,22.4785
2026-01-02T07:37:00,24.6244,24.724400000000003,22.243,22.4677
2026-01-02T07:38:00,24.6533,24.753300000000003,22.2322,22.4568
2026-01-02T07:39:00,24.6822,24.782200000000003,22.2215,22.446
2026-01-02T07:40:00,24.7108,24.8108,22.2108,22.4352
2026-01-02T07:41:00,24.7393,24.8393,22.2002,22.4244
2026-01-02T07:42:00,24.7676,24.867600000000003,22.1895,22.4136
2026-01-02T07:43:00,24.7955,24.895500000000002,22.1788,22.4028
2026-01-02T07:44:00,24.8232,24.9232,22.1681,22.392
2026-01-02T07:45:00,24.8506,24.9506,22.1574,22.3812
2026-01-02T07:46:00,24.8776,24.977600000000002,22.1452,22.3689
2026-01-02T07:47:00,24.9041,25.0041,22.1329,22.3565
2026-01-02T07:48:00,24.9303,25.0303,22.1208,22.3442
2026-01-02T07:49:00,24.9559,25.0559,22.1086,22.3319
2026-01-02T07:50:00,24.9811,25.081100000000003,22.0963,22.3195
2026-01-02T07:51:00,25.0057,25.105700000000002,22.0841,22.3072
2026-01-02T07:52:00,25.0298,25.129800000000003,22.072,22.2949
2026-01-02T07:53:00,25.0532,25.153200000000002,22.0597,22.2825
2026-01-02T07:54:00,25.076,25.176000000000002,22.0475,22.2702
2026-01-02T07:55:00,25.0982,25.1982,22.0353,22.2579
2026-01-02T07:56:00,25.1196,25.2196,22.023,22.2455
2026-01-02T07:57:00,25.1403,25.2403,22.0109,22.2332
2026-01-02T07:58:00,25.1603,25.2603,21.9987,22.2209
2026-01-02T07:59:00,25.1794,25.279400000000003,21.9864,22.2085
2026-01-02T08:00:00,25.1978,25.297800000000002,21.9742,22.1962
2026-01-02T08:01:00,25.2152,25.3152,21.9606,22.1824
2026-01-02T08:02:00,25.2319,25.3319,21.9468,22.1685
2026-01-02T08:03:00,25.2476,25.3476,21.9332,22.1547
2026-01-02T08:04:00,25.2623,25.3623,21.9195,22.1409
2026-01-02T08:05:00,25.2761,25.3761,21.9058,22.1271
2026-01-02T08:06:00,25.289,25.389000000000003,21.8921,22.1132
2026-01-02T08:07:00,25.3008,25.4008,21.8784,22.0994
2026-01-02T08:08:00,25.3116,25.4116,21.8647,22.0856
2026-01-02T08:09:00,25.3213,25.421300000000002,21.8511,22.0718
2026-01-02T08:10:00,25.3299,25.4299,21.8373,22.0579
2026-01-02T08:11:00,25.3375,25.4375,21.8237,22.0441
2026-01-02T08:12:00,25.3439,25.443900000000003,21.81,22.0303
2026-01-02T08:13:00,25.3491,25.4491,21.7963,22.0165
2026-01-02T08:14:00,25.3532,25.453200000000002,21.7826,22.0026
2026-01-02T08:15:00,25.3561,25.456100000000003,21.7689,21.9888
2026-01-02T08:16:00,25.3578,25.457800000000002,21.7539,21.9736
2026-01-02T08:17:00,25.3583,25.4583,21.7387,21.9583
2026-01-02T08:18:00,25.3575,25.457500000000003,21.7237,21.9431
2026-01-02T08:19:00,25.3554,25.4554,21.7085,21.9278
2026-01-02T08:20:00,25.3521,25.4521,21.6935,21.9126
2026-01-02T08:21:00,25.3475,25.4475,21.6783,21.8973
2026-01-02T08:22:00,25.3416,25.4416,21.6633,21.8821
2026-01-02T08:23:00,25.3343,25.4343,21.6481,21.8668
2026-01-02T08:24:00,25.3258,25.425800000000002,21.6331,21.8516
2026-01-02T08:25:00,25.3158,25.4158,21.6179,21.8363
2026-01-02T08:26:00,25.3045,25.404500000000002,21.6029,21.8211
2026-01-02T08:27:00,25.2919,25.3919,21.5877,21.8058
2026-01-02T08:28:00,25.2778,25.3778,21.5727,21.7906
2026-01-02T08:29:00,25.2624,25.3624,21.5575,21.7753
2026-01-02T08:30:00,25.2456,25.3456,21.5425,21.7601
2026-01-02T08:31:00,25.2274,25.3274,21.5261,21.7435
2026-01-02T08:32:00,25.2077,25.3077,21.5096,21.7269
2026-01-02T08:33:00,25.1867,25.2867,21.4932,21.7103
2026-01-02T08:34:00,25.1642,25.264200000000002,21.4768,21.6937
2026-01-02T08:35:00,25.1403,25.2403,21.4603,21.6771
2026-01-02T08:36:00,25.115,25.215,21.4439,21.6605
2026-01-02T08:37:00,25.0882,25.188200000000002,21.4275,21.6439
2026-01-02T08:38:00,25.0601,25.1601,21.4109,21.6272
2026-01-02T08:39:00,25.0305,25.1305,21.3945,21.6106
2026-01-02T08:40:00,24.9994,25.099400000000003,21.3781,21.594
2026-01-02T08:41:00,24.967,25.067,21.3616,21.5774
2026-01-02T08:42:00,24.9331,25.0331,21.3452,21.5608
2026-01-02T08:43:00,24.8978,24.9978,21.3288,21.5442
2026-01-02T08:44:00,24.861,24.961000000000002,21.3123,21.5276
2026-01-02T08:45:00,24.8229,24.922900000000002,21.2959,21.511
2026-01-02T08:46:00,24.7833,24.883300000000002,21.2782,21.4931
2026-01-02T08:47:00,24.7424,24.8424,21.2604,21.4752
2026-01-02T08:48:00,24.7,24.8,21.2427,21.4573
2026-01-02T08:49:00,24.6563,24.756300000000003,21.225,21.4394
2026-01-02T08:50:00,24.6112,24.7112,21.2073,21.4215
2026-01-02T08:51:00,24.5647,24.6647,21.1896,21.4036
2026-01-02T08:52:00,24.5169,24.6169,21.1718,21.3857
2026-01-02T08:53:00,24.4677,24.567700000000002,21.1542,21.3679
2026-01-02T08:54:00,24.4172,24.517200000000003,21.1365,21.35
2026-01-02T08:55:00,24.3654,24.465400000000002,21.1188,21.3321
2026-01-02T08:56:00,24.3123,24.412300000000002,21.1011,21.3142
2026-01-02T08:57:00,24.2579,24.3579,21.0833,21.2963
2026-01-02T08:58:00,24.2022,24.302200000000003,21.0656,21.2784
2026-01-02T08:59:00,24.1453,24.2453,21.0479,21.2605
2026-01-02T09:00:00,24.0871,24.1871,14.1002,14.2426
2026-01-02T09:01:00,24.0277,24.1277,14.0813,14.2235
2026-01-02T09:02:00,23.9671,24.0671,14.0624,14.2044
2026-01-02T09:03:00,23.9053,24.005300000000002,14.0434,14.1853
2026-01-02T09:04:00,23.8424,23.942400000000003,14.0245,14.1662
2026-01-02T09:05:00,23.7783,23.878300000000003,14.0056,14.1471
2026-01-02T09:06:00,23.7131,23.813100000000002,13.9867,14.128
2026-01-02T09:07:00,23.6468,23.7468,13.9678,14.1089
2026-01-02T09:08:00,23.5795,23.6795,13.9489,14.0898
2026-01-02T09:09:00,23.5111,23.6111,13.93,14.0707
2026-01-02T09:10:00,23.4416,23.541600000000003,13.9111,14.0516
2026-01-02T09:11:00,23.3712,23.471200000000003,13.8922,14.0325
2026-01-02T09:12:00,23.2998,23.399800000000003,13.8733,14.0134
2026-01-02T09:13:00,23.2275,23.3275,13.8544,13.9943
2026-01-02T09:14:00,23.1542,23.2542,13.8354,13.9752
2026-01-02T09:15:00,23.0801,23.180100000000003,13.8165,13.9561
2026-01-02T09:16:00,23.0051,23.1051,13.7965,13.9359
2026-01-02T09:17:00,22.9292,23.029200000000003,13.7764,13.9156
2026-01-02T09:18:00,22.8526,22.9526,13.7564,13.8954
2026-01-02T09:19:00,22.7752,22.875200000000003,13.7364,13.8752
2026-01-02T09:20:00,22.697,22.797,13.7164,13.8549
2026-01-02T09:21:00,22.6182,22.718200000000003,13.6964,13.8347
2026-01-02T09:22:00,22.5386,22.6386,13.6764,13.8145
2026-01-02T09:23:00,22.4584,22.558400000000002,13.6563,13.7942
2026-01-02T09:24:00,22.3776,22.477600000000002,13.6363,13.774
2026-01-02T09:25:00,22.2962,22.3962,13.6163,13.7538
2026-01-02T09:26:00,22.2143,22.314300000000003,13.5962,13.7335
2026-01-02T09:27:00,22.1319,22.231900000000003,13.5762,13.7133
2026-01-02T09:28:00,22.0489,22.1489,13.5562,13.6931
2026-01-02T09:29:00,21.9656,22.0656,13.5361,13.6728
2026-01-02T09:30:00,21.8818,21.9818,13.5161,13.6526
2026-01-02T09:31:00,21.7977,21.8977,13.495,13.6313
2026-01-02T09:32:00,21.7132,21.813200000000002,13.4739,13.61
2026-01-02T09:33:00,21.6284,21.7284,13.4529,13.5888
2026-01-02T09:34:00,21.5433,21.6433,13.4318,13.5675
2026-01-02T09:35:00,21.458,21.558,13.4107,13.5462
2026-01-02T09:36:00,21.3726,21.4726,13.3897,13.5249
2026-01-02T09:37:00,21.2869,21.3869,13.3686,13.5036
2026-01-02T09:38:00,21.2012,21.3012,13.3476,13.4824
2026-01-02T09:39:00,21.1154,21.215400000000002,13.3265,13.4611
2026-01-02T09:40:00,21.0295,21.1295,13.3054,13.4398
2026-01-02T09:41:00,20.9436,21.0436,13.2843,13.4185
2026-01-02T09:42:00,20.8578,20.957800000000002,13.2632,13.3972
2026-01-02T09:43:00,20.772,20.872,13.2422,13.376
2026-01-02T09:44:00,20.6864,20.7864,13.2212,13.3547
2026-01-02T09:45:00,20.6009,20.7009,13.2001,13.3334
2026-01-02T09:46:00,20.5155,20.6155,13.1781,13.3112
2026-01-02T09:47:00,20.4304,20.5304,13.156,13.2889
2026-01-02T09:48:00,20.3456,20.445600000000002,13.134,13.2667
2026-01-02T09:49:00,20.261,20.361,13.1121,13.2445
2026-01-02T09:50:00,20.1768,20.2768,13.0901,13.2223
2026-01-02T09:51:00,20.093,20.193,13.068,13.2
2026-01-02T09:52:00,20.0096,20.1096,13.046,13.1778
2026-01-02T09:53:00,19.9266,20.026600000000002,13.024,13.1556
2026-01-02T09:54:00,19.8441,19.944100000000002,13.0021,13.1334
2026-01-02T09:55:00,19.7622,19.8622,12.98,13.1111
2026-01-02T09:56:00,19.6808,19.780800000000003,12.958,13.0889
2026-01-02T09:57:00,19.6,19.700000000000003,12.936,13.0667
2026-01-02T09:58:00,19.5199,19.6199,12.9141,13.0445
2026-01-02T09:59:00,19.4404,19.5404,12.892,13.0222
2026-01-02T10:00:00,19.3616,19.4616,12.87,13.0
2026-01-02T10:01:00,19.2836,19.3836,12.8471,12.9769
2026-01-02T10:02:00,19.2064,19.3064,12.8243,12.9538
2026-01-02T10:03:00,19.13,19.23,12.8014,12.9307
2026-01-02T10:04:00,19.0545,19.154500000000002,12.7786,12.9077
2026-01-02T10:05:00,18.9798,19.079800000000002,12.7558,12.8846
2026-01-02T10:06:00,18.9061,19.0061,12.7329,12.8615
2026-01-02T10:07:00,18.8333,18.933300000000003,12.71,12.8384
2026-01-02T10:08:00,18.7615,18.861500000000003,12.6871,12.8153
2026-01-02T10:09:00,18.6908,18.7908,12.6643,12.7922
2026-01-02T10:10:00,18.6211,18.7211,12.6414,12.7691
2026-01-02T10:11:00,18.5525,18.6525,12.6185,12.746
2026-01-02T10:12:00,18.485,18.585,12.5958,12.723
2026-01-02T10:13:00,18.4187,18.518700000000003,12.5729,12.6999
2026-01-02T10:14:00,18.3535,18.453500000000002,12.55,12.6768
2026-01-02T10:15:00,18.2896,18.3896,12.5272,12.6537
2026-01-02T10:16:00,18.227,18.327,12.5036,12.6299
2026-01-02T10:17:00,18.1656,18.265600000000003,12.4799,12.606
2026-01-02T10:18:00,18.1055,18.2055,12.4564,12.5822
2026-01-02T10:19:00,18.0467,18.146700000000003,12.4327,12.5583
2026-01-02T10:20:00,17.9894,18.0894,12.4092,12.5345
2026-01-02T10:21:00,17.9334,18.0334,12.3856,12.5107
2026-01-02T10:22:00,17.8788,17.9788,12.3619,12.4868
2026-01-02T10:23:00,17.8257,17.925700000000003,12.3384,12.463
2026-01-02T10:24:00,17.774,17.874000000000002,12.3147,12.4391
2026-01-02T10:25:00,17.7239,17.823900000000002,12.2911,12.4153
2026-01-02T10:26:00,17.6752,17.7752,12.2676,12.3915
2026-01-02T10:27:00,17.6281,17.7281,12.2439,12.3676
2026-01-02T10:28:00,17.5826,17.6826,12.2204,12.3438
2026-01-02T10:29:00,17.5386,17.6386,12.1967,12.3199
2026-01-02T10:30:00,17.4963,17.596300000000003,12.1731,12.2961
2026-01-02T10:31:00,17.4555,17.555500000000002,12.1489,12.2716
2026-01-02T10:32:00,17.4165,17.5165,12.1246,12.2471
2026-01-02T10:33:00,17.379,17.479000000000003,12.1004,12.2226
2026-01-02T10:34:00,17.3433,17.4433,12.0761,12.1981
2026-01-02T10:35:00,17.3093,17.4093,12.0519,12.1736
2026-01-02T10:36:00,17.277,17.377000000000002,12.0276,12.1491
2026-01-02T10:37:00,17.2464,17.346400000000003,12.0034,12.1246
2026-01-02T10:38:00,17.2176,17.317600000000002,11.9791,12.1001
2026-01-02T10:39:00,17.1905,17.2905,11.9548,12.0756
2026-01-02T10:40:00,17.1652,17.2652,11.9306,12.0511
2026-01-02T10:41:00,17.1417,17.2417,11.9063,12.0266
2026-01-02T10:42:00,17.12,17.220000000000002,11.8821,12.0021
2026-01-02T10:43:00,17.1001,17.200100000000003,11.8578,11.9776
2026-01-02T10:44:00,17.082,17.182000000000002,11.8336,11.9531
2026-01-02T10:45:00,17.0658,17.1658,11.8093,11.9286
2026-01-02T10:46:00,17.0514,17.151400000000002,11.7846,11.9036
2026-01-02T10:47:00,17.0388,17.1388,11.7597,11.8785
2026-01-02T10:48:00,17.0281,17.1281,11.735,11.8535
2026-01-02T10:49:00,17.0192,17.119200000000003,11.7101,11.8284
2026-01-02T10:50:00,17.0122,17.1122,11.6854,11.8034
2026-01-02T10:51:00,17.0071,17.107100000000003,11.6605,11.7783
2026-01-02T10:52:00,17.0038,17.1038,11.6358,11.7533
2026-01-02T10:53:00,17.0025,17.102500000000003,11.6109,11.7282
2026-01-02T10:54:00,17.0029,17.1029,11.5862,11.7032
2026-01-02T10:55:00,17.0053,17.1053,11.5613,11.6781
2026-01-02T10:56:00,17.0095,17.1095,11.5366,11.6531
2026-01-02T10:57:00,17.0156,17.1156,11.5117,11.628
2026-01-02T10:58:00,17.0236,17.1236,11.487,11.603
2026-01-02T10:59:00,17.0334,17.1334,11.4621,11.5779
2026-01-02T11:00:00,17.0451,17.145100000000003,11.4374,11.5529
2026-01-02T11:01:00,17.0586,17.1586,11.4121,11.5274
2026-01-02T11:02:00,17.074,17.174000000000003,11.3869,11.5019
2026-01-02T11:03:00,17.0912,17.191200000000002,11.3616,11.4764
2026-01-02T11:04:00,17.1103,17.2103,11.3364,11.4509
2026-01-02T11:05:00,17.1312,17.2312,11.3111,11.4254
2026-01-02T11:06:00,17.1539,17.2539,11.2859,11.3999
2026-01-02T11:07:00,17.1784,17.2784,11.2607,11.3744
2026-01-02T11:08:00,17.2047,17.3047,11.2355,11.349
2026-01-02T11:09:00,17.2328,17.332800000000002,11.2103,11.3235
2026-01-02T11:10:00,17.2627,17.3627,11.185,11.298
2026-01-02T11:11:00,17.2943,17.3943,11.1598,11.2725
2026-01-02T11:12:00,17.3276,17.4276,11.1345,11.247
2026-01-02T11:13:00,17.3627,17.4627,11.1093,11.2215
2026-01-02T11:14:00,17.3995,17.4995,11.084,11.196
2026-01-02T11:15:00,17.438,17.538,11.0588,11.1705
2026-01-02T11:16:00,17.4782,17.578200000000002,11.0333,11.1447
2026-01-02T11:17:00,17.52,17.62,11.0077,11.1189
2026-01-02T11:18:00,17.5635,17.663500000000003,10.9821,11.093
2026-01-02T11:19:00,17.6086,17.7086,10.9565,11.0672
2026-01-02T11:20:00,17.6553,17.755300000000002,10.931,11.0414
2026-01-02T11:21:00,17.7036,17.803600000000003,10.9054,11.0156
2026-01-02T11:22:00,17.7534,17.8534,10.8799,10.9898
2026-01-02T11:23:00,17.8048,17.9048,10.8543,10.9639
2026-01-02T11:24:00,17.8576,17.957600000000003,10.8287,10.9381
2026-01-02T11:25:00,17.912,18.012,10.8032,10.9123
2026-01-02T11:26:00,17.9678,18.067800000000002,10.7776,10.8865
2026-01-02T11:27:00,18.0251,18.1251,10.7521,10.8607
2026-01-02T11:28:00,18.0837,18.1837,10.7265,10.8348
2026-01-02T11:29:00,18.1438,18.2438,10.7009,10.809
2026-01-02T11:30:00,18.2052,18.305200000000003,10.6754,10.7832
2026-01-02T11:31:00,18.2679,18.367900000000002,10.6495,10.7571
2026-01-02T11:32:00,18.3319,18.431900000000002,10.6238,10.7311
2026-01-02T11:33:00,18.3972,18.497200000000003,10.5979,10.705
2026-01-02T11:34:00,18.4637,18.5637,10.5722,10.679
2026-01-02T11:35:00,18.5315,18.631500000000003,10.5464,10.6529
2026-01-02T11:36:00,18.6004,18.700400000000002,10.5206,10.6269
2026-01-02T11:37:00,18.6704,18.770400000000002,10.4948,10.6008
2026-01-02T11:38:00,18.7416,18.8416,10.4691,10.5748
2026-01-02T11:39:00,18.8139,18.9139,10.4432,10.5487
2026-01-02T11:40:00,18.8872,18.9872,10.4175,10.5227
2026-01-02T11:41:00,18.9615,19.061500000000002,10.3916,10.4966
2026-01-02T11:42:00,19.0368,19.1368,10.3659,10.4706
2026-01-02T11:43:00,19.113,19.213,10.3401,10.4445
2026-01-02T11:44:00,19.1902,19.290200000000002,10.3143,10.4185
2026-01-02T11:45:00,19.2682,19.3682,10.2885,10.3924
2026-01-02T11:46:00,19.3471,19.447100000000002,10.2625,10.3662
2026-01-02T11:47:00,19.4268,19.5268,10.2367,10.3401
2026-01-02T11:48:00,19.5073,19.607300000000002,10.2108,10.3139
2026-01-02T11:49:00,19.5885,19.6885,10.1849,10.2878
2026-01-02T11:50:00,19.6704,19.770400000000002,10.159,10.2616
2026-01-02T11:51:00,19.7529,19.8529,10.133,10.2354
2026-01-02T11:52:00,19.8361,19.9361,10.1072,10.2093
2026-01-02T11:53:00,19.9199,20.0199,10.0813,10.1831
2026-01-02T11:54:00,20.0042,20.104200000000002,10.0554,10.157
2026-01-02T11:55:00,20.089,20.189,10.0295,10.1308
2026-01-02T11:56:00,20.1744,20.2744,10.0036,10.1046
2026-01-02T11:57:00,20.2601,20.360100000000003,9.9777,10.0785
2026-01-02T11:58:00,20.3463,20.4463,9.9518,10.0523
2026-01-02T11:59:00,20.4328,20.5328,9.9259,10.0262
2026-01-02T12:00:00,20.5196,20.619600000000002,9.9,10.0
2026-01-02T12:01:00,20.6067,20.7067,9.8741,9.9738
2026-01-02T12:02:00,20.6941,20.7941,9.8482,9.9477
2026-01-02T12:03:00,20.7817,20.881700000000002,9.8223,9.9215
2026-01-02T12:04:00,20.8694,20.9694,9.7964,9.8954
2026-01-02T12:05:00,20.9573,21.0573,9.7705,9.8692
2026-01-02T12:06:00,21.0453,21.145300000000002,9.7446,9.843
2026-01-02T12:07:00,21.1333,21.2333,9.7187,9.8169
2026-01-02T12:08:00,21.2214,21.3214,9.6928,9.7907
2026-01-02T12:09:00,21.3094,21.4094,9.667,9.7646
2026-01-02T12:10:00,21.3974,21.497400000000003,9.641,9.7384
2026-01-02T12:11:00,21.4852,21.5852,9.6151,9.7122
2026-01-02T12:12:00,21.573,21.673000000000002,9.5892,9.6861
2026-01-02T12:13:00,21.6606,21.7606,9.5633,9.6599
2026-01-02T12:14:00,21.7479,21.847900000000003,9.5375,9.6338
2026-01-02T12:15:00,21.8351,21.935100000000002,9.5115,9.6076
2026-01-02T12:16:00,21.9219,22.021900000000002,9.4857,9.5815
2026-01-02T12:17:00,22.0084,22.108400000000003,9.4599,9.5555
2026-01-02T12:18:00,22.0946,22.1946,9.4341,9.5294
2026-01-02T12:19:00,22.1804,22.2804,9.4084,9.5034
2026-01-02T12:20:00,22.2658,22.3658,9.3825,9.4773
2026-01-02T12:21:00,22.3507,22.4507,9.3568,9.4513
2026-01-02T12:22:00,22.4351,22.5351,9.3309,9.4252
2026-01-02T12:23:00,22.519,22.619,9.3052,9.3992
2026-01-02T12:24:00,22.6023,22.7023,9.2794,9.3731
2026-01-02T12:25:00,22.6851,22.7851,9.2536,9.3471
2026-01-02T12:26:00,22.7672,22.8672,9.2278,9.321
2026-01-02T12:27:00,22.8486,22.948600000000003,9.202,9.295
2026-01-02T12:28:00,22.9294,23.029400000000003,9.1762,9.2689
2026-01-02T12:29:00,23.0094,23.1094,9.1505,9.2429
2026-01-02T12:30:00,23.0887,23.1887,9.1246,9.2168
2026-01-02T12:31:00,23.1672,23.267200000000003,9.0991,9.191
2026-01-02T12:32:00,23.2449,23.344900000000003,9.0735,9.1652
2026-01-02T12:33:00,23.3217,23.4217,9.0479,9.1393
2026-01-02T12:34:00,23.3976,23.497600000000002,9.0224,9.1135
2026-01-02T12:35:00,23.4727,23.5727,8.9968,9.0877
2026-01-02T12:36:00,23.5468,23.646800000000002,8.9713,9.0619
2026-01-02T12:37:00,23.62,23.720000000000002,8.9457,9.0361
2026-01-02T12:38:00,23.6922,23.7922,8.9201,9.0102
2026-01-02T12:39:00,23.7633,23.863300000000002,8.8946,8.9844
2026-01-02T12:40:00,23.8335,23.933500000000002,8.869,8.9586
2026-01-02T12:41:00,23.9025,24.0025,8.8435,8.9328
2026-01-02T12:42:00,23.9705,24.070500000000003,8.8179,8.907
2026-01-02T12:43:00,24.0374,24.137400000000003,8.7923,8.8811
2026-01-02T12:44:00,24.1032,24.203200000000002,8.7667,8.8553
2026-01-02T12:45:00,24.1678,24.2678,8.7412,8.8295
2026-01-02T12:46:00,24.2312,24.331200000000003,8.716,8.804
2026-01-02T12:47:00,24.2934,24.3934,8.6907,8.7785
2026-01-02T12:48:00,24.3545,24.454500000000003,8.6655,8.753
2026-01-02T12:49:00,24.4142,24.514200000000002,8.6402,8.7275
2026-01-02T12:50:00,24.4728,24.5728,8.615,8.702
2026-01-02T12:51:00,24.5301,24.630100000000002,8.5897,8.6765
2026-01-02T12:52:00,24.5861,24.6861,8.5645,8.651
2026-01-02T12:53:00,24.6407,24.7407,8.5393,8.6256
2026-01-02T12:54:00,24.6941,24.7941,8.5141,8.6001
2026-01-02T12:55:00,24.7462,24.846200000000003,8.4889,8.5746
2026-01-02T12:56:00,24.7969,24.896900000000002,8.4636,8.5491
2026-01-02T12:57:00,24.8462,24.9462,8.4384,8.5236
2026-01-02T12:58:00,24.8942,24.994200000000003,8.4131,8.4981
2026-01-02T12:59:00,24.9409,25.0409,8.3879,8.4726
2026-01-02T13:00:00,24.9861,25.086100000000002,15.2926,15.4471
2026-01-02T13:01:00,25.0299,25.129900000000003,15.2679,15.4221
2026-01-02T13:02:00,25.0724,25.1724,15.243,15.397
2026-01-02T13:03:00,25.1134,25.2134,15.2183,15.372
2026-01-02T13:04:00,25.153,25.253,15.1934,15.3469
2026-01-02T13:05:00,25.1912,25.2912,15.1687,15.3219
2026-01-02T13:06:00,25.2279,25.327900000000003,15.1438,15.2968
2026-01-02T13:07:00,25.2632,25.363200000000003,15.1191,15.2718
2026-01-02T13:08:00,25.2971,25.397100000000002,15.0942,15.2467
2026-01-02T13:09:00,25.3296,25.4296,15.0695,15.2217
2026-01-02T13:10:00,25.3606,25.460600000000003,15.0446,15.1966
2026-01-02T13:11:00,25.3902,25.4902,15.0199,15.1716
2026-01-02T13:12:00,25.4183,25.5183,14.995,15.1465
2026-01-02T13:13:00,25.445,25.545,14.9703,15.1215
2026-01-02T13:14:00,25.4703,25.570300000000003,14.9454,15.0964
2026-01-02T13:15:00,25.4941,25.5941,14.9207,15.0714
2026-01-02T13:16:00,25.5165,25.616500000000002,14.8964,15.0469
2026-01-02T13:17:00,25.5375,25.637500000000003,14.8722,15.0224
2026-01-02T13:18:00,25.5571,25.6571,14.8479,14.9979
2026-01-02T13:19:00,25.5753,25.6753,14.8237,14.9734
2026-01-02T13:20:00,25.592,25.692,14.7994,14.9489
2026-01-02T13:21:00,25.6074,25.7074,14.7752,14.9244
2026-01-02T13:22:00,25.6214,25.721400000000003,14.7509,14.8999
2026-01-02T13:23:00,25.634,25.734,14.7266,14.8754
2026-01-02T13:24:00,25.6452,25.7452,14.7024,14.8509
2026-01-02T13:25:00,25.6551,25.755100000000002,14.6781,14.8264
2026-01-02T13:26:00,25.6637,25.7637,14.6539,14.8019
2026-01-02T13:27:00,25.6709,25.7709,14.6296,14.7774
2026-01-02T13:28:00,25.6768,25.7768,14.6054,14.7529
2026-01-02T13:29:00,25.6814,25.7814,14.5811,14.7284
2026-01-02T13:30:00,25.6847,25.7847,14.5569,14.7039
2026-01-02T13:31:00,25.6868,25.786800000000003,14.5333,14.6801
2026-01-02T13:32:00,25.6876,25.7876,14.5096,14.6562
2026-01-02T13:33:00,25.6872,25.787200000000002,14.4861,14.6324
2026-01-02T13:34:00,25.6855,25.785500000000003,14.4624,14.6085
2026-01-02T13:35:00,25.6827,25.782700000000002,14.4389,14.5847
2026-01-02T13:36:00,25.6787,25.7787,14.4153,14.5609
2026-01-02T13:37:00,25.6735,25.773500000000002,14.3916,14.537
2026-01-02T13:38:00,25.6672,25.767200000000003,14.3681,14.5132
2026-01-02T13:39:00,25.6598,25.759800000000002,14.3444,14.4893
2026-01-02T13:40:00,25.6513,25.7513,14.3208,14.4655
2026-01-02T13:41:00,25.6418,25.7418,14.2973,14.4417
2026-01-02T13:42:00,25.6312,25.7312,14.2736,14.4178
2026-01-02T13:43:00,25.6196,25.7196,14.2501,14.394
2026-01-02T13:44:00,25.607,25.707,14.2264,14.3701
2026-01-02T13:45:00,25.5935,25.6935,14.2028,14.3463
2026-01-02T13:46:00,25.579,25.679000000000002,14.18,14.3232
2026-01-02T13:47:00,25.5636,25.663600000000002,14.1571,14.3001
2026-01-02T13:48:00,25.5473,25.6473,14.1342,14.277
2026-01-02T13:49:00,25.5302,25.630200000000002,14.1115,14.254
2026-01-02T13:50:00,25.5122,25.6122,14.0886,14.2309
2026-01-02T13:51:00,25.4935,25.593500000000002,14.0657,14.2078
2026-01-02T13:52:00,25.474,25.574,14.0429,14.1847
2026-01-02T13:53:00,25.4538,25.553800000000003,14.02,14.1616
2026-01-02T13:54:00,25.4328,25.5328,13.9971,14.1385
2026-01-02T13:55:00,25.4112,25.511200000000002,13.9742,14.1154
2026-01-02T13:56:00,25.389,25.489,13.9514,14.0923
2026-01-02T13:57:00,25.3661,25.4661,13.9286,14.0693
2026-01-02T13:58:00,25.3427,25.442700000000002,13.9057,14.0462
2026-01-02T13:59:00,25.3187,25.4187,13.8829,14.0231
2026-01-02T14:00:00,25.2942,25.3942,13.86,14.0
2026-01-02T14:01:00,25.2693,25.369300000000003,13.838,13.9778
2026-01-02T14:02:00,25.2439,25.3439,13.8159,13.9555
2026-01-02T14:03:00,25.2181,25.3181,13.794,13.9333
2026-01-02T14:04:00,25.1919,25.291900000000002,13.772,13.9111
2026-01-02T14:05:00,25.1654,25.265400000000003,13.75,13.8889
2026-01-02T14:06:00,25.1386,25.2386,13.7279,13.8666
2026-01-02T14:07:00,25.1116,25.2116,13.706,13.8444
2026-01-02T14:08:00,25.0843,25.1843,13.684,13.8222
2026-01-02T14:09:00,25.0568,25.1568,13.662,13.8
2026-01-02T14:10:00,25.0291,25.1291,13.6399,13.7777
2026-01-02T14:11:00,25.0013,25.101300000000002,13.6179,13.7555
2026-01-02T14:12:00,24.9735,25.073500000000003,13.596,13.7333
2026-01-02T14:13:00,24.9456,25.0456,13.574,13.7111
2026-01-02T14:14:00,24.9177,25.0177,13.5519,13.6888
2026-01-02T14:15:00,24.8898,24.989800000000002,13.5299,13.6666
2026-01-02T14:16:00,24.8619,24.9619,13.5088,13.6453
2026-01-02T14:17:00,24.8342,24.9342,13.4878,13.624
2026-01-02T14:18:00,24.8066,24.9066,13.4668,13.6028
2026-01-02T14:19:00,24.7791,24.8791,13.4457,13.5815
2026-01-02T14:20:00,24.7519,24.8519,13.4246,13.5602
2026-01-02T14:21:00,24.7249,24.824900000000003,13.4035,13.5389
2026-01-02T14:22:00,24.6982,24.7982,13.3824,13.5176
2026-01-02T14:23:00,24.6718,24.771800000000002,13.3614,13.4964
2026-01-02T14:24:00,24.6458,24.745800000000003,13.3403,13.4751
2026-01-02T14:25:00,24.6201,24.720100000000002,13.3193,13.4538
2026-01-02T14:26:00,24.5949,24.6949,13.2982,13.4325
2026-01-02T14:27:00,24.5701,24.6701,13.2771,13.4112
2026-01-02T14:28:00,24.5458,24.6458,13.2561,13.39
2026-01-02T14:29:00,24.5221,24.6221,13.235,13.3687
2026-01-02T14:30:00,24.4989,24.5989,13.2139,13.3474
2026-01-02T14:31:00,24.4763,24.5763,13.1939,13.3272
2026-01-02T14:32:00,24.4544,24.5544,13.1738,13.3069
2026-01-02T14:33:00,24.4331,24.5331,13.1538,13.2867
2026-01-02T14:34:00,24.4125,24.512500000000003,13.1338,13.2665
2026-01-02T14:35:00,24.3927,24.492700000000003,13.1137,13.2462
2026-01-02T14:36:00,24.3736,24.4736,13.0937,13.226
2026-01-02T14:37:00,24.3554,24.4554,13.0737,13.2058
2026-01-02T14:38:00,24.3379,24.437900000000003,13.0536,13.1855
2026-01-02T14:39:00,24.3214,24.421400000000002,13.0336,13.1653
2026-01-02T14:40:00,24.3057,24.405700000000003,13.0136,13.1451
2026-01-02T14:41:00,24.2909,24.390900000000002,12.9936,13.1248
2026-01-02T14:42:00,24.2772,24.377200000000002,12.9736,13.1046
2026-01-02T14:43:00,24.2644,24.3644,12.9536,13.0844
2026-01-02T14:44:00,24.2526,24.352600000000002,12.9335,13.0641
2026-01-02T14:45:00,24.2419,24.341900000000003,12.9135,13.0439
2026-01-02T14:46:00,24.2323,24.3323,12.8946,13.0248
2026-01-02T14:47:00,24.2237,24.323700000000002,12.8756,13.0057
2026-01-02T14:48:00,24.2163,24.316300000000002,12.8567,12.9866
2026-01-02T14:49:00,24.2101,24.310100000000002,12.8378,12.9675
2026-01-02T14:50:00,24.2051,24.305100000000003,12.8189,12.9484
2026-01-02T14:51:00,24.2012,24.3012,12.8,12.9293
2026-01-02T14:52:00,24.1986,24.2986,12.7811,12.9102
2026-01-02T14:53:00,24.1973,24.2973,12.7622,12.8911
2026-01-02T14:54:00,24.1973,24.2973,12.7433,12.872
2026-01-02T14:55:00,24.1986,24.2986,12.7244,12.8529
2026-01-02T14:56:00,24.2012,24.3012,12.7055,12.8338
2026-01-02T14:57:00,24.2051,24.305100000000003,12.6866,12.8147
2026-01-02T14:58:00,24.2105,24.3105,12.6676,12.7956
2026-01-02T14:59:00,24.2172,24.3172,12.6487,12.7765
2026-01-02T15:00:00,24.2254,24.325400000000002,11.0989,12.7574
2026-01-02T15:01:00,24.235,24.335,11.0834,12.7395
2026-01-02T15:02:00,24.246,24.346,11.0678,12.7216
2026-01-02T15:03:00,24.2585,24.358500000000003,11.0522,12.7037
2026-01-02T15:04:00,24.2725,24.372500000000002,11.0366,12.6858
2026-01-02T15:05:00,24.2881,24.3881,11.0211,12.6679
2026-01-02T15:06:00,24.3051,24.4051,11.0055,12.65
2026-01-02T15:07:00,24.3237,24.4237,10.9899,12.6321
2026-01-02T15:08:00,24.3438,24.443800000000003,10.9744,12.6143
2026-01-02T15:09:00,24.3655,24.465500000000002,10.9589,12.5964
2026-01-02T15:10:00,24.3888,24.4888,10.9433,12.5785
2026-01-02T15:11:00,24.4136,24.5136,10.9277,12.5606
2026-01-02T15:12:00,24.44,24.540000000000003,10.9121,12.5427
2026-01-02T15:13:00,24.4681,24.5681,10.8966,12.5248
2026-01-02T15:14:00,24.4978,24.597800000000003,10.881,12.5069
2026-01-02T15:15:00,24.529,24.629,10.8654,12.489
2026-01-02T15:16:00,24.562,24.662000000000003,10.851,12.4724
2026-01-02T15:17:00,24.5965,24.6965,10.8365,12.4558
2026-01-02T15:18:00,24.6327,24.7327,10.8221,12.4392
2026-01-02T15:19:00,24.6705,24.770500000000002,10.8077,12.4226
2026-01-02T15:20:00,24.71,24.810000000000002,10.7932,12.406
2026-01-02T15:21:00,24.7512,24.851200000000002,10.7788,12.3894
2026-01-02T15:22:00,24.7939,24.893900000000002,10.7643,12.3728
2026-01-02T15:23:00,24.8384,24.9384,10.7498,12.3561
2026-01-02T15:24:00,24.8845,24.9845,10.7354,12.3395
2026-01-02T15:25:00,24.9322,25.032200000000003,10.7209,12.3229
2026-01-02T15:26:00,24.9816,25.0816,10.7065,12.3063
2026-01-02T15:27:00,25.0327,25.1327,10.692,12.2897
2026-01-02T15:28:00,25.0854,25.1854,10.6776,12.2731
2026-01-02T15:29:00,25.1397,25.239700000000003,10.6632,12.2565
2026-01-02T15:30:00,25.1957,25.2957,10.6487,12.2399
2026-01-02T15:31:00,25.2533,25.3533,10.6355,12.2247
2026-01-02T15:32:00,25.3125,25.4125,10.6222,12.2094
2026-01-02T15:33:00,25.3734,25.4734,10.609,12.1942
2026-01-02T15:34:00,25.4358,25.535800000000002,10.5956,12.1789
2026-01-02T15:35:00,25.4999,25.5999,10.5824,12.1637
2026-01-02T15:36:00,25.5655,25.6655,10.5691,12.1484
2026-01-02T15:37:00,25.6327,25.7327,10.5559,12.1332
2026-01-02T15:38:00,25.7015,25.8015,10.5426,12.1179
2026-01-02T15:39:00,25.7718,25.8718,10.5293,12.1027
2026-01-02T15:40:00,25.8437,25.9437,10.516,12.0874
2026-01-02T15:41:00,25.9171,26.017100000000003,10.5028,12.0722
2026-01-02T15:42:00,25.9919,26.091900000000003,10.4895,12.0569
2026-01-02T15:43:00,26.0683,26.168300000000002,10.4763,12.0417
2026-01-02T15:44:00,26.1462,26.2462,10.463,12.0264
2026-01-02T15:45:00,26.2255,26.3255,10.4497,12.0112
2026-01-02T15:46:00,26.3062,26.406200000000002,10.4377,11.9974
2026-01-02T15:47:00,26.3884,26.488400000000002,10.4256,11.9835
2026-01-02T15:48:00,26.4719,26.571900000000003,10.4136,11.9697
2026-01-02T15:49:00,26.5569,26.6569,10.4016,11.9559
2026-01-02T15:50:00,26.6432,26.7432,10.3896,11.9421
2026-01-02T15:51:00,26.7308,26.8308,10.3775,11.9282
2026-01-02T15:52:00,26.8197,26.919700000000002,10.3655,11.9144
2026-01-02T15:53:00,26.9099,27.009900000000002,10.3535,11.9006
2026-01-02T15:54:00,27.0014,27.1014,10.3415,11.8868
2026-01-02T15:55:00,27.0941,27.194100000000002,10.3294,11.8729
2026-01-02T15:56:00,27.1881,27.2881,10.3174,11.8591
2026-01-02T15:57:00,27.2832,27.383200000000002,10.3054,11.8453
2026-01-02T15:58:00,27.3794,27.479400000000002,10.2934,11.8315
2026-01-02T15:59:00,27.4768,27.576800000000002,10.2813,11.8176
2026-01-02T16:00:00,27.5753,27.6753,11.6858,11.8038
2026-01-02T16:01:00,27.6749,27.774900000000002,11.6736,11.7915
2026-01-02T16:02:00,27.7755,27.875500000000002,11.6613,11.7791
2026-01-02T16:03:00,27.8771,27.9771,11.6491,11.7668
2026-01-02T16:04:00,27.9797,28.079700000000003,11.637,11.7545
2026-01-02T16:05:00,28.0833,28.183300000000003,11.6247,11.7421
2026-01-02T16:06:00,28.1878,28.2878,11.6125,11.7298
2026-01-02T16:07:00,28.2931,28.3931,11.6003,11.7175
2026-01-02T16:08:00,28.3993,28.4993,11.588,11.7051
2026-01-02T16:09:00,28.5063,28.6063,11.5759,11.6928
2026-01-02T16:10:00,28.6142,28.7142,11.5637,11.6805
2026-01-02T16:11:00,28.7227,28.8227,11.5514,11.6681
2026-01-02T16:12:00,28.832,28.932000000000002,11.5392,11.6558
2026-01-02T16:13:00,28.942,29.042,11.5271,11.6435
2026-01-02T16:14:00,29.0526,29.152600000000003,11.5148,11.6311
2026-01-02T16:15:00,29.1638,29.2638,11.5026,11.6188
2026-01-02T16:16:00,29.2756,29.375600000000002,11.4919,11.608
2026-01-02T16:17:00,29.3879,29.4879,11.4812,11.5972
2026-01-02T16:18:00,29.5008,29.600800000000003,11.4705,11.5864
2026-01-02T16:19:00,29.6141,29.714100000000002,11.4598,11.5756
2026-01-02T16:20:00,29.7278,29.8278,11.4492,11.5648
2026-01-02T16:21:00,29.8419,29.9419,11.4385,11.554
2026-01-02T16:22:00,29.9564,30.0564,11.4278,11.5432
2026-01-02T16:23:00,30.0712,30.171200000000002,11.417,11.5323
2026-01-02T16:24:00,30.1862,30.2862,11.4063,11.5215
2026-01-02T16:25:00,30.3015,30.401500000000002,11.3956,11.5107
2026-01-02T16:26:00,30.417,30.517000000000003,11.3849,11.4999
2026-01-02T16:27:00,30.5327,30.6327,11.3742,11.4891
2026-01-02T16:28:00,30.6485,30.7485,11.3635,11.4783
2026-01-02T16:29:00,30.7643,30.8643,11.3528,11.4675
2026-01-02T16:30:00,30.8802,30.9802,11.3421,11.4567
2026-01-02T16:31:00,30.9961,31.0961,11.333,11.4475
2026-01-02T16:32:00,31.112,31.212,11.3239,11.4383
2026-01-02T16:33:00,31.2278,31.3278,11.3147,11.429
2026-01-02T16:34:00,31.3435,31.4435,11.3056,11.4198
2026-01-02T16:35:00,31.459,31.559,11.2965,11.4106
2026-01-02T16:36:00,31.5744,31.674400000000002,11.2874,11.4014
2026-01-02T16:37:00,31.6895,31.7895,11.2783,11.3922
2026-01-02T16:38:00,31.8044,31.904400000000003,11.2691,11.3829
2026-01-02T16:39:00,31.9189,32.0189,11.26,11.3737
2026-01-02T16:40:00,32.0331,32.1331,11.2509,11.3645
2026-01-02T16:41:00,32.1469,32.246900000000004,11.2417,11.3553
2026-01-02T16:42:00,32.2603,32.3603,11.2326,11.3461
2026-01-02T16:43:00,32.3733,32.4733,11.2234,11.3368
2026-01-02T16:44:00,32.4857,32.5857,11.2143,11.3276
2026-01-02T16:45:00,32.5976,32.6976,11.2052,11.3184
2026-01-02T16:46:00,32.709,32.809000000000005,11.1977,11.3108
2026-01-02T16:47:00,32.8197,32.9197,11.1902,11.3032
2026-01-02T16:48:00,32.9298,33.0298,11.1826,11.2956
2026-01-02T16:49:00,33.0392,33.1392,11.1751,11.288
2026-01-02T16:50:00,33.1478,33.2478,11.1676,11.2804
2026-01-02T16:51:00,33.2558,33.3558,11.1601,11.2728
2026-01-02T16:52:00,33.3629,33.462900000000005,11.1525,11.2652
2026-01-02T16:53:00,33.4692,33.5692,11.145,11.2576
2026-01-02T16:54:00,33.5747,33.6747,11.1375,11.25
2026-01-02T16:55:00,33.6792,33.7792,11.13,11.2424
2026-01-02T16:56:00,33.7829,33.8829,11.1225,11.2348
2026-01-02T16:57:00,33.8855,33.9855,11.1149,11.2272
2026-01-02T16:58:00,33.9872,34.0872,11.1074,11.2196
2026-01-02T16:59:00,34.0879,34.1879,11.0999,11.212
2026-01-02T17:00:00,34.1875,34.2875,11.0924,11.2044
2026-01-02T17:01:00,34.286,34.386,11.0865,11.1985
2026-01-02T17:02:00,34.3834,34.4834,11.0806,11.1925
2026-01-02T17:03:00,34.4796,34.5796,11.0747,11.1866
2026-01-02T17:04:00,34.5747,34.6747,11.0688,11.1806
2026-01-02T17:05:00,34.6685,34.7685,11.063,11.1747
2026-01-02T17:06:00,34.7612,34.861200000000004,11.0571,11.1688
2026-01-02T17:07:00,34.8525,34.9525,11.0512,11.1628
2026-01-02T17:08:00,34.9426,35.0426,11.0453,11.1569
2026-01-02T17:09:00,35.0313,35.1313,11.0394,11.1509
2026-01-02T17:10:00,35.1187,35.2187,11.0335,11.145
2026-01-02T17:11:00,35.2048,35.3048,11.0277,11.1391
2026-01-02T17:12:00,35.2894,35.3894,11.0218,11.1331
2026-01-02T17:13:00,35.3726,35.4726,11.0159,11.1272
2026-01-02T17:14:00,35.4544,35.5544,11.01,11.1212
2026-01-02T17:15:00,35.5347,35.6347,11.0041,11.1153
2026-01-02T17:16:00,35.6136,35.7136,10.9999,11.111
2026-01-02T17:17:00,35.6909,35.7909,10.9957,11.1068
2026-01-02T17:18:00,35.7667,35.8667,10.9915,11.1025
2026-01-02T17:19:00,35.841,35.941,10.9872,11.0982
2026-01-02T17:20:00,35.9137,36.0137,10.9831,11.094
2026-01-02T17:21:00,35.9848,36.0848,10.9788,11.0897
2026-01-02T17:22:00,36.0543,36.1543,10.9745,11.0854
2026-01-02T17:23:00,36.1222,36.2222,10.9704,11.0812
2026-01-02T17:24:00,36.1885,36.2885,10.9661,11.0769
2026-01-02T17:25:00,36.2531,36.353100000000005,10.9619,11.0726
2026-01-02T17:26:00,36.3161,36.4161,10.9577,11.0684
2026-01-02T17:27:00,36.3774,36.4774,10.9535,11.0641
2026-01-02T17:28:00,36.437,36.537,10.9492,11.0598
2026-01-02T17:29:00,36.495,36.595,10.945,11.0556
2026-01-02T17:30:00,36.5512,36.6512,10.9408,11.0513
2026-01-02T17:31:00,36.6057,36.7057,10.9382,11.0487
2026-01-02T17:32:00,36.6585,36.7585,10.9357,11.0462
2026-01-02T17:33:00,36.7096,36.8096,10.9332,11.0436
2026-01-02T17:34:00,36.7589,36.8589,10.9306,11.041
2026-01-02T17:35:00,36.8065,36.9065,10.9281,11.0385
2026-01-02T17:36:00,36.8523,36.9523,10.9255,11.0359
2026-01-02T17:37:00,36.8964,36.9964,10.923,11.0333
2026-01-02T17:38:00,36.9387,37.0387,10.9205,11.0308
2026-01-02T17:39:00,36.9792,37.0792,10.9179,11.0282
2026-01-02T17:40:00,37.018,37.118,10.9153,11.0256
2026-01-02T17:41:00,37.0551,37.155100000000004,10.9129,11.0231
2026-01-02T17:42:00,37.0904,37.190400000000004,10.9103,11.0205
2026-01-02T17:43:00,37.1239,37.2239,10.9077,11.0179
2026-01-02T17:44:00,37.1556,37.2556,10.9052,11.0154
2026-01-02T17:45:00,37.1856,37.2856,10.9027,11.0128
2026-01-02T17:46:00,37.2139,37.313900000000004,10.9018,11.0119
2026-01-02T17:47:00,37.2404,37.3404,10.901,11.0111
2026-01-02T17:48:00,37.2652,37.3652,10.9001,11.0102
2026-01-02T17:49:00,37.2882,37.388200000000005,10.8993,11.0094
2026-01-02T17:50:00,37.3095,37.4095,10.8984,11.0085
2026-01-02T17:51:00,37.3291,37.4291,10.8976,11.0077
2026-01-02T17:52:00,37.3469,37.4469,10.8967,11.0068
2026-01-02T17:53:00,37.3631,37.463100000000004,10.8959,11.006
2026-01-02T17:54:00,37.3776,37.4776,10.895,11.0051
2026-01-02T17:55:00,37.3904,37.4904,10.8943,11.0043
2026-01-02T17:56:00,37.4015,37.5015,10.8934,11.0034
2026-01-02T17:57:00,37.411,37.511,10.8926,11.0026
2026-01-02T17:58:00,37.4188,37.5188,10.8917,11.0017
2026-01-02T17:59:00,37.425,37.525,10.8909,11.0009
2026-01-02T18:00:00,37.4296,37.5296,10.89,11.0
2026-01-02T18:01:00,37.4326,37.5326,10.8909,11.0009
2026-01-02T18:02:00,37.434,37.534,10.8917,11.0017
2026-01-02T18:03:00,37.4338,37.5338,10.8926,11.0026
2026-01-02T18:04:00,37.4322,37.5322,10.8934,11.0034
2026-01-02T18:05:00,37.429,37.529,10.8943,11.0043
2026-01-02T18:06:00,37.4242,37.5242,10.895,11.0051
2026-01-02T18:07:00,37.418,37.518,10.8959,11.006
2026-01-02T18:08:00,37.4104,37.510400000000004,10.8967,11.0068
2026-01-02T18:09:00,37.4013,37.5013,10.8976,11.0077
2026-01-02T18:10:00,37.3908,37.4908,10.8984,11.0085
2026-01-02T18:11:00,37.3789,37.4789,10.8993,11.0094
2026-01-02T18:12:00,37.3656,37.4656,10.9001,11.0102
2026-01-02T18:13:00,37.351,37.451,10.901,11.0111
2026-01-02T18:14:00,37.3351,37.4351,10.9018,11.0119
2026-01-02T18:15:00,37.3179,37.4179,10.9027,11.0128
2026-01-02T18:16:00,37.2994,37.3994,10.9052,11.0154
2026-01-02T18:17:00,37.2797,37.3797,10.9077,11.0179
2026-01-02T18:18:00,37.2587,37.3587,10.9103,11.0205
2026-01-02T18:19:00,37.2366,37.336600000000004,10.9129,11.0231
2026-01-02T18:20:00,37.2134,37.3134,10.9153,11.0256
2026-01-02T18:21:00,37.189,37.289,10.9179,11.0282
2026-01-02T18:22:00,37.1635,37.2635,10.9205,11.0308
2026-01-02T18:23:00,37.137,37.237,10.923,11.0333
2026-01-02T18:24:00,37.1094,37.2094,10.9255,11.0359
2026-01-02T18:25:00,37.0808,37.180800000000005,10.9281,11.0385
2026-01-02T18:26:00,37.0513,37.1513,10.9306,11.041
2026-01-02T18:27:00,37.0208,37.1208,10.9332,11.0436
2026-01-02T18:28:00,36.9894,37.089400000000005,10.9357,11.0462
2026-01-02T18:29:00,36.9572,37.0572,10.9382,11.0487
2026-01-02T18:30:00,36.9241,37.024100000000004,10.9408,11.0513
2026-01-02T18:31:00,36.8902,36.9902,10.945,11.0556
2026-01-02T18:32:00,36.8556,36.955600000000004,10.9492,11.0598
2026-01-02T18:33:00,36.8202,36.9202,10.9535,11.0641
2026-01-02T18:34:00,36.7841,36.884100000000004,10.9577,11.0684
2026-01-02T18:35:00,36.7473,36.847300000000004,10.9619,11.0726
2026-01-02T18:36:00,36.71,36.81,10.9661,11.0769
2026-01-02T18:37:00,36.672,36.772,10.9704,11.0812
2026-01-02T18:38:00,36.6335,36.7335,10.9745,11.0854
2026-01-02T18:39:00,36.5945,36.6945,10.9788,11.0897
2026-01-02T18:40:00,36.5549,36.654900000000005,10.9831,11.094
2026-01-02T18:41:00,36.515,36.615,10.9872,11.0982
2026-01-02T18:42:00,36.4746,36.574600000000004,10.9915,11.1025
2026-01-02T18:43:00,36.4338,36.5338,10.9957,11.1068
2026-01-02T18:44:00,36.3927,36.4927,10.9999,11.111
2026-01-02T18:45:00,36.3513,36.4513,11.0041,11.1153
2026-01-02T18:46:00,36.3097,36.4097,11.01,11.1212
2026-01-02T18:47:00,36.2678,36.3678,11.0159,11.1272
2026-01-02T18:48:00,36.2257,36.325700000000005,11.0218,11.1331
2026-01-02T18:49:00,36.1835,36.283500000000004,11.0277,11.1391
2026-01-02T18:50:00,36.1411,36.2411,11.0335,11.145
2026-01-02T18:51:00,36.0987,36.1987,11.0394,11.1509
2026-01-02T18:52:00,36.0562,36.1562,11.0453,11.1569
2026-01-02T18:53:00,36.0138,36.113800000000005,11.0512,11.1628
2026-01-02T18:54:00,35.9713,36.0713,11.0571,11.1688
2026-01-02T18:55:00,35.9289,36.0289,11.063,11.1747
2026-01-02T18:56:00,35.8867,35.9867,11.0688,11.1806
2026-01-02T18:57:00,35.8446,35.9446,11.0747,11.1866
2026-01-02T18:58:00,35.8026,35.9026,11.0806,11.1925
2026-01-02T18:59:00,35.7609,35.8609,11.0865,11.1985
2026-01-02T19:00:00,35.7194,35.8194,11.0924,11.2044
2026-01-02T19:01:00,35.6782,35.7782,11.0999,11.212
2026-01-02T19:02:00,35.6373,35.737300000000005,11.1074,11.2196
2026-01-02T19:03:00,35.5967,35.6967,11.1149,11.2272
2026-01-02T19:04:00,35.5566,35.656600000000005,11.1225,11.2348
2026-01-02T19:05:00,35.5168,35.616800000000005,11.13,11.2424
2026-01-02T19:06:00,35.4776,35.577600000000004,11.1375,11.25
2026-01-02T19:07:00,35.4388,35.5388,11.145,11.2576
2026-01-02T19:08:00,35.4005,35.5005,11.1525,11.2652
2026-01-02T19:09:00,35.3628,35.4628,11.1601,11.2728
2026-01-02T19:10:00,35.3257,35.4257,11.1676,11.2804
2026-01-02T19:11:00,35.2892,35.3892,11.1751,11.288
2026-01-02T19:12:00,35.2533,35.353300000000004,11.1826,11.2956
2026-01-02T19:13:00,35.2182,35.318200000000004,11.1902,11.3032
2026-01-02T19:14:00,35.1837,35.2837,11.1977,11.3108
2026-01-02T19:15:00,35.15,35.25,11.2052,11.3184
2026-01-02T19:16:00,35.1171,35.2171,11.2143,11.3276
2026-01-02T19:17:00,35.0849,35.1849,11.2234,11.3368
2026-01-02T19:18:00,35.0536,35.153600000000004,11.2326,11.3461
2026-01-02T19:19:00,35.0231,35.1231,11.2417,11.3553
2026-01-02T19:20:00,34.9936,35.0936,11.2509,11.3645
2026-01-02T19:21:00,34.9649,35.0649,11.26,11.3737
2026-01-02T19:22:00,34.9372,35.0372,11.2691,11.3829
2026-01-02T19:23:00,34.9104,35.010400000000004,11.2783,11.3922
2026-01-02T19:24:00,34.8847,34.984700000000004,11.2874,11.4014
2026-01-02T19:25:00,34.8599,34.959900000000005,11.2965,11.4106
2026-01-02T19:26:00,34.8362,34.9362,11.3056,11.4198
2026-01-02T19:27:00,34.8135,34.9135,11.3147,11.429
2026-01-02T19:28:00,34.7919,34.8919,11.3239,11.4383
2026-01-02T19:29:00,34.7714,34.8714,11.333,11.4475
2026-01-02T19:30:00,34.752,34.852000000000004,11.3421,11.4567
2026-01-02T19:31:00,34.7338,34.833800000000004,11.3528,11.4675
2026-01-02T19:32:00,34.7168,34.8168,11.3635,11.4783
2026-01-02T19:33:00,34.7009,34.8009,11.3742,11.4891
2026-01-02T19:34:00,34.6862,34.7862,11.3849,11.4999
2026-01-02T19:35:00,34.6727,34.7727,11.3956,11.5107
2026-01-02T19:36:00,34.6605,34.7605,11.4063,11.5215
2026-01-02T19:37:00,34.6495,34.749500000000005,11.417,11.5323
2026-01-02T19:38:00,34.6398,34.7398,11.4278,11.5432
2026-01-02T19:39:00,34.6313,34.731300000000005,11.4385,11.554
2026-01-02T19:40:00,34.6241,34.7241,11.4492,11.5648
2026-01-02T19:41:00,34.6183,34.7183,11.4598,11.5756
2026-01-02T19:42:00,34.6137,34.7137,11.4705,11.5864
2026-01-02T19:43:00,34.6105,34.7105,11.4812,11.5972
2026-01-02T19:44:00,34.6086,34.708600000000004,11.4919,11.608
2026-01-02T19:45:00,34.608,34.708,11.5026,11.6188
2026-01-02T19:46:00,34.6088,34.708800000000004,11.5148,11.6311
2026-01-02T19:47:00,34.6109,34.7109,11.5271,11.6435
2026-01-02T19:48:00,34.6144,34.714400000000005,11.5392,11.6558
2026-01-02T19:49:00,34.6193,34.719300000000004,11.5514,11.6681
2026-01-02T19:50:00,34.6255,34.725500000000004,11.5637,11.6805
2026-01-02T19:51:00,34.6331,34.7331,11.5759,11.6928
2026-01-02T19:52:00,34.6421,34.7421,11.588,11.7051
2026-01-02T19:53:00,34.6525,34.752500000000005,11.6003,11.7175
2026-01-02T19:54:00,34.6643,34.7643,11.6125,11.7298
2026-01-02T19:55:00,34.6774,34.7774,11.6247,11.7421
2026-01-02T19:56:00,34.692,34.792,11.637,11.7545
2026-01-02T19:57:00,34.7079,34.807900000000004,11.6491,11.7668
2026-01-02T19:58:00,34.7251,34.8251,11.6613,11.7791
2026-01-02T19:59:00,34.7438,34.8438,11.6736,11.7915
2026-01-02T20:00:00,34.7638,34.863800000000005,11.6858,11.8038
2026-01-02T20:01:00,34.7852,34.885200000000005,11.6994,11.8176
2026-01-02T20:02:00,34.808,34.908,11.7132,11.8315
2026-01-02T20:03:00,34.8321,34.9321,11.7268,11.8453
2026-01-02T20:04:00,34.8575,34.9575,11.7405,11.8591
2026-01-02T20:05:00,34.8843,34.984300000000005,11.7542,11.8729
2026-01-02T20:06:00,34.9124,35.0124,11.7679,11.8868
2026-01-02T20:07:00,34.9419,35.0419,11.7816,11.9006
2026-01-02T20:08:00,34.9726,35.0726,11.7953,11.9144
2026-01-02T20:09:00,35.0047,35.1047,11.8089,11.9282
2026-01-02T20:10:00,35.038,35.138,11.8227,11.9421
2026-01-02T20:11:00,35.0726,35.1726,11.8363,11.9559
2026-01-02T20:12:00,35.1084,35.208400000000005,11.85,11.9697
2026-01-02T20:13:00,35.1455,35.2455,11.8637,11.9835
2026-01-02T20:14:00,35.1838,35.2838,11.8774,11.9974
2026-01-02T20:15:00,35.2234,35.3234,11.8911,12.0112
2026-01-02T20:16:00,35.2641,35.3641,11.9061,12.0264
2026-01-02T20:17:00,35.306,35.406,11.9213,12.0417
2026-01-02T20:18:00,35.349,35.449,11.9363,12.0569
2026-01-02T20:19:00,35.3932,35.4932,11.9515,12.0722
2026-01-02T20:20:00,35.4385,35.5385,11.9665,12.0874
2026-01-02T20:21:00,35.4848,35.5848,11.9817,12.1027
2026-01-02T20:22:00,35.5323,35.6323,11.9967,12.1179
2026-01-02T20:23:00,35.5808,35.680800000000005,12.0119,12.1332
2026-01-02T20:24:00,35.6303,35.7303,12.0269,12.1484
2026-01-02T20:25:00,35.6808,35.7808,12.0421,12.1637
2026-01-02T20:26:00,35.7323,35.832300000000004,12.0571,12.1789
2026-01-02T20:27:00,35.7848,35.8848,12.0723,12.1942
2026-01-02T20:28:00,35.8382,35.9382,12.0873,12.2094
2026-01-02T20:29:00,35.8924,35.9924,12.1025,12.2247
2026-01-02T20:30:00,35.9476,36.0476,12.1175,12.2399
2026-01-02T20:31:00,36.0036,36.1036,12.1339,12.2565
2026-01-02T20:32:00,36.0604,36.1604,12.1504,12.2731
2026-01-02T20:33:00,36.118,36.218,12.1668,12.2897
2026-01-02T20:34:00,36.1763,36.2763,12.1832,12.3063
2026-01-02T20:35:00,36.2354,36.3354,12.1997,12.3229
2026-01-02T20:36:00,36.2952,36.3952,12.2161,12.3395
2026-01-02T20:37:00,36.3556,36.455600000000004,12.2325,12.3561
2026-01-02T20:38:00,36.4167,36.5167,12.2491,12.3728
2026-01-02T20:39:00,36.4784,36.5784,12.2655,12.3894
2026-01-02T20:40:00,36.5407,36.6407,12.2819,12.406
2026-01-02T20:41:00,36.6035,36.7035,12.2984,12.4226
2026-01-02T20:42:00,36.6667,36.7667,12.3148,12.4392
2026-01-02T20:43:00,36.7305,36.8305,12.3312,12.4558
2026-01-02T20:44:00,36.7947,36.8947,12.3477,12.4724
2026-01-02T20:45:00,36.8593,36.9593,12.3641,12.489
2026-01-02T20:46:00,36.9243,37.024300000000004,12.3818,12.5069
2026-01-02T20:47:00,36.9896,37.089600000000004,12.3996,12.5248
2026-01-02T20:48:00,37.0552,37.1552,12.4173,12.5427
2026-01-02T20:49:00,37.1211,37.2211,12.435,12.5606
2026-01-02T20:50:00,37.1871,37.2871,12.4527,12.5785
2026-01-02T20:51:00,37.2534,37.3534,12.4704,12.5964
2026-01-02T20:52:00,37.3198,37.4198,12.4882,12.6143
2026-01-02T20:53:00,37.3864,37.4864,12.5058,12.6321
2026-01-02T20:54:00,37.453,37.553000000000004,12.5235,12.65
2026-01-02T20:55:00,37.5197,37.6197,12.5412,12.6679
2026-01-02T20:56:00,37.5864,37.6864,12.5589,12.6858
2026-01-02T20:57:00,37.653,37.753,12.5767,12.7037
2026-01-02T20:58:00,37.7196,37.8196,12.5944,12.7216
2026-01-02T20:59:00,37.786,37.886,12.6121,12.7395
2026-01-02T21:00:00,37.8524,37.952400000000004,12.6298,12.7574
2026-01-02T21:01:00,37.9185,38.0185,12.6487,12.7765
2026-01-02T21:02:00,37.9844,38.0844,12.6676,12.7956
2026-01-02T21:03:00,38.0501,38.1501,12.6866,12.8147
2026-01-02T21:04:00,38.1155,38.2155,12.7055,12.8338
2026-01-02T21:05:00,38.1805,38.2805,12.7244,12.8529
2026-01-02T21:06:00,38.2452,38.3452,12.7433,12.872
2026-01-02T21:07:00,38.3094,38.4094,12.7622,12.8911
2026-01-02T21:08:00,38.3732,38.4732,12.7811,12.9102
2026-01-02T21:09:00,38.4366,38.5366,12.8,12.9293
2026-01-02T21:10:00,38.4994,38.5994,12.8189,12.9484
2026-01-02T21:11:00,38.5616,38.6616,12.8378,12.9675
2026-01-02T21:12:00,38.6233,38.7233,12.8567,12.9866
2026-01-02T21:13:00,38.6843,38.7843,12.8756,13.0057
2026-01-02T21:14:00,38.7447,38.8447,12.8946,13.0248
2026-01-02T21:15:00,38.8044,38.9044,12.9135,13.0439
2026-01-02T21:16:00,38.8633,38.963300000000004,12.9335,13.0641
2026-01-02T21:17:00,38.9214,39.0214,12.9536,13.0844
2026-01-02T21:18:00,38.9788,39.0788,12.9736,13.1046
2026-01-02T21:19:00,39.0353,39.1353,12.9936,13.1248
2026-01-02T21:20:00,39.0909,39.1909,13.0136,13.1451
2026-01-02T21:21:00,39.1456,39.2456,13.0336,13.1653
2026-01-02T21:22:00,39.1994,39.2994,13.0536,13.1855
2026-01-02T21:23:00,39.2522,39.3522,13.0737,13.2058
2026-01-02T21:24:00,39.304,39.404,13.0937,13.226
2026-01-02T21:25:00,39.3547,39.4547,13.1137,13.2462
2026-01-02T21:26:00,39.4043,39.5043,13.1338,13.2665
2026-01-02T21:27:00,39.4529,39.5529,13.1538,13.2867
2026-01-02T21:28:00,39.5003,39.600300000000004,13.1738,13.3069
2026-01-02T21:29:00,39.5465,39.6465,13.1939,13.3272
2026-01-02T21:30:00,39.5915,39.691500000000005,13.2139,13.3474
2026-01-02T21:31:00,39.6353,39.7353,13.235,13.3687
2026-01-02T21:32:00,39.6778,39.7778,13.2561,13.39
2026-01-02T21:33:00,39.719,39.819,13.2771,13.4112
2026-01-02T21:34:00,39.759,39.859,13.2982,13.4325
2026-01-02T21:35:00,39.7975,39.8975,13.3193,13.4538
2026-01-02T21:36:00,39.8347,39.9347,13.3403,13.4751
2026-01-02T21:37:00,39.8705,39.9705,13.3614,13.4964
2026-01-02T21:38:00,39.9049,40.0049,13.3824,13.5176
2026-01-02T21:39:00,39.9378,40.037800000000004,13.4035,13.5389
2026-01-02T21:40:00,39.9692,40.0692,13.4246,13.5602
2026-01-02T21:41:00,39.9992,40.0992,13.4457,13.5815
2026-01-02T21:42:00,40.0276,40.1276,13.4668,13.6028
2026-01-02T21:43:00,40.0545,40.1545,13.4878,13.624
2026-01-02T21:44:00,40.0798,40.1798,13.5088,13.6453
2026-01-02T21:45:00,40.1035,40.2035,13.5299,13.6666
2026-01-02T21:46:00,40.1256,40.2256,13.5519,13.6888
2026-01-02T21:47:00,40.1461,40.2461,13.574,13.7111
2026-01-02T21:48:00,40.165,40.265,13.596,13.7333
2026-01-02T21:49:00,40.1821,40.2821,13.6179,13.7555
2026-01-02T21:50:00,40.1976,40.2976,13.6399,13.7777
2026-01-02T21:51:00,40.2114,40.3114,13.662,13.8
2026-01-02T21:52:00,40.2235,40.3235,13.684,13.8222
2026-01-02T21:53:00,40.2339,40.3339,13.706,13.8444
2026-01-02T21:54:00,40.2425,40.3425,13.7279,13.8666
2026-01-02T21:55:00,40.2494,40.3494,13.75,13.8889
2026-01-02T21:56:00,40.2545,40.3545,13.772,13.9111
2026-01-02T21:57:00,40.2578,40.357800000000005,13.794,13.9333
2026-01-02T21:58:00,40.2593,40.359300000000005,13.8159,13.9555
2026-01-02T21:59:00,40.2591,40.3591,13.838,13.9778
2026-01-02T22:00:00,40.257,40.357,13.86,14.0
2026-01-02T22:01:00,40.2531,40.353100000000005,13.8829,14.0231
2026-01-02T22:02:00,40.2474,40.3474,13.9057,14.0462
2026-01-02T22:03:00,40.2399,40.3399,13.9286,14.0693
2026-01-02T22:04:00,40.2305,40.3305,13.9514,14.0923
2026-01-02T22:05:00,40.2193,40.3193,13.9742,14.1154
2026-01-02T22:06:00,40.2062,40.306200000000004,13.9971,14.1385
2026-01-02T22:07:00,40.1913,40.2913,14.02,14.1616
2026-01-02T22:08:00,40.1746,40.2746,14.0429,14.1847
2026-01-02T22:09:00,40.156,40.256,14.0657,14.2078
2026-01-02T22:10:00,40.1355,40.2355,14.0886,14.2309
2026-01-02T22:11:00,40.1133,40.213300000000004,14.1115,14.254
2026-01-02T22:12:00,40.0891,40.1891,14.1342,14.277
2026-01-02T22:13:00,40.0631,40.1631,14.1571,14.3001
2026-01-02T22:14:00,40.0353,40.1353,14.18,14.3232
2026-01-02T22:15:00,40.0057,40.1057,14.2028,14.3463
2026-01-02T22:16:00,39.9742,40.074200000000005,14.2264,14.3701
2026-01-02T22:17:00,39.9409,40.0409,14.2501,14.394
2026-01-02T22:18:00,39.9057,40.005700000000004,14.2736,14.4178
2026-01-02T22:19:00,39.8688,39.9688,14.2973,14.4417
2026-01-02T22:20:00,39.8301,39.9301,14.3208,14.4655
2026-01-02T22:21:00,39.7895,39.8895,14.3444,14.4893
2026-01-02T22:22:00,39.7472,39.8472,14.3681,14.5132
2026-01-02T22:23:00,39.7031,39.8031,14.3916,14.537
2026-01-02T22:24:00,39.6573,39.7573,14.4153,14.5609
2026-01-02T22:25:00,39.6097,39.7097,14.4389,14.5847
2026-01-02T22:26:00,39.5604,39.6604,14.4624,14.6085
2026-01-02T22:27:00,39.5094,39.6094,14.4861,14.6324
2026-01-02T22:28:00,39.4566,39.5566,14.5096,14.6562
2026-01-02T22:29:00,39.4022,39.5022,14.5333,14.6801
2026-01-02T22:30:00,39.3461,39.4461,14.5569,14.7039
2026-01-02T22:31:00,39.2883,39.3883,14.5811,14.7284
2026-01-02T22:32:00,39.229,39.329,14.6054,14.7529
2026-01-02T22:33:00,39.168,39.268,14.6296,14.7774
2026-01-02T22:34:00,39.1054,39.205400000000004,14.6539,14.8019
2026-01-02T22:35:00,39.0412,39.141200000000005,14.6781,14.8264
2026-01-02T22:36:00,38.9755,39.0755,14.7024,14.8509
2026-01-02T22:37:00,38.9083,39.0083,14.7266,14.8754
2026-01-02T22:38:00,38.8395,38.9395,14.7509,14.8999
2026-01-02T22:39:00,38.7693,38.8693,14.7752,14.9244
2026-01-02T22:40:00,38.6976,38.7976,14.7994,14.9489
2026-01-02T22:41:00,38.6245,38.7245,14.8237,14.9734
2026-01-02T22:42:00,38.55,38.65,14.8479,14.9979
2026-01-02T22:43:00,38.4741,38.5741,14.8722,15.0224
2026-01-02T22:44:00,38.3969,38.496900000000004,14.8964,15.0469
2026-01-02T22:45:00,38.3183,38.4183,14.9207,15.0714
2026-01-02T22:46:00,38.2384,38.3384,14.9454,15.0964
2026-01-02T22:47:00,38.1573,38.2573,14.9703,15.1215
2026-01-02T22:48:00,38.0749,38.1749,14.995,15.1465
2026-01-02T22:49:00,37.9913,38.091300000000004,15.0199,15.1716
2026-01-02T22:50:00,37.9065,38.0065,15.0446,15.1966
2026-01-02T22:51:00,37.8206,37.9206,15.0695,15.2217
2026-01-02T22:52:00,37.7336,37.833600000000004,15.0942,15.2467
2026-01-02T22:53:00,37.6454,37.745400000000004,15.1191,15.2718
2026-01-02T22:54:00,37.5563,37.6563,15.1438,15.2968
2026-01-02T22:55:00,37.4661,37.5661,15.1687,15.3219
2026-01-02T22:56:00,37.3749,37.4749,15.1934,15.3469
2026-01-02T22:57:00,37.2828,37.3828,15.2183,15.372
2026-01-02T22:58:00,37.1898,37.2898,15.243,15.397
2026-01-02T22:59:00,37.0959,37.1959,15.2679,15.4221
2026-01-02T23:00:00,37.0011,37.1011,15.2926,15.4471
2026-01-02T23:01:00,36.9055,37.005500000000005,15.3179,15.4726
2026-01-02T23:02:00,36.8092,36.9092,15.3431,15.4981
2026-01-02T23:03:00,36.7121,36.8121,15.3684,15.5236
2026-01-02T23:04:00,36.6143,36.7143,15.3936,15.5491
2026-01-02T23:05:00,36.5159,36.6159,15.4189,15.5746
2026-01-02T23:06:00,36.4168,36.5168,15.4441,15.6001
2026-01-02T23:07:00,36.3172,36.4172,15.4693,15.6256
2026-01-02T23:08:00,36.217,36.317,15.4945,15.651
2026-01-02T23:09:00,36.1162,36.2162,15.5197,15.6765
2026-01-02T23:10:00,36.015,36.115,15.545,15.702
2026-01-02T23:11:00,35.9134,36.013400000000004,15.5702,15.7275
2026-01-02T23:12:00,35.8113,35.911300000000004,15.5955,15.753
2026-01-02T23:13:00,35.7089,35.8089,15.6207,15.7785
2026-01-02T23:14:00,35.6062,35.7062,15.646,15.804
2026-01-02T23:15:00,35.5032,35.6032,15.6712,15.8295
2026-01-02T23:16:00,35.3999,35.499900000000004,15.6967,15.8553
2026-01-02T23:17:00,35.2964,35.3964,15.7223,15.8811
2026-01-02T23:18:00,35.1928,35.2928,15.7479,15.907
2026-01-02T23:19:00,35.089,35.189,15.7735,15.9328
2026-01-02T23:20:00,34.9852,35.0852,15.799,15.9586
2026-01-02T23:21:00,34.8813,34.981300000000005,15.8246,15.9844
2026-01-02T23:22:00,34.7773,34.8773,15.8501,16.0102
2026-01-02T23:23:00,34.6734,34.7734,15.8757,16.0361
2026-01-02T23:24:00,34.5696,34.6696,15.9013,16.0619
2026-01-02T23:25:00,34.4658,34.5658,15.9268,16.0877
2026-01-02T23:26:00,34.3622,34.4622,15.9524,16.1135
2026-01-02T23:27:00,34.2588,34.3588,15.9779,16.1393
2026-01-02T23:28:00,34.1556,34.2556,16.0035,16.1652
2026-01-02T23:29:00,34.0526,34.1526,16.0291,16.191
2026-01-02T23:30:00,33.9499,34.0499,16.0546,16.2168
2026-01-02T23:31:00,33.8476,33.9476,16.0805,16.2429
2026-01-02T23:32:00,33.7456,33.845600000000005,16.1062,16.2689
2026-01-02T23:33:00,33.644,33.744,16.1321,16.295
2026-01-02T23:34:00,33.5428,33.6428,16.1578,16.321
2026-01-02T23:35:00,33.4422,33.5422,16.1836,16.3471
2026-01-02T23:36:00,33.342,33.442,16.2094,16.3731
2026-01-02T23:37:00,33.2424,33.342400000000005,16.2352,16.3992
2026-01-02T23:38:00,33.1433,33.243300000000005,16.2609,16.4252
2026-01-02T23:39:00,33.0449,33.1449,16.2868,16.4513
2026-01-02T23:40:00,32.9471,33.0471,16.3125,16.4773
2026-01-02T23:41:00,32.85,32.95,16.3384,16.5034
2026-01-02T23:42:00,32.7536,32.8536,16.3641,16.5294
2026-01-02T23:43:00,32.6579,32.7579,16.3899,16.5555
2026-01-02T23:44:00,32.563,32.663000000000004,16.4157,16.5815
2026-01-02T23:45:00,32.4689,32.5689,16.4415,16.6076
2026-01-02T23:46:00,32.3757,32.4757,16.4675,16.6338
2026-01-02T23:47:00,32.2834,32.3834,16.4933,16.6599
2026-01-02T23:48:00,32.1919,32.2919,16.5192,16.6861
2026-01-02T23:49:00,32.1014,32.2014,16.5451,16.7122
2026-01-02T23:50:00,32.0118,32.1118,16.571,16.7384
2026-01-02T23:51:00,31.9232,32.0232,16.597,16.7646
2026-01-02T23:52:00,31.8357,31.9357,16.6228,16.7907
2026-01-02T23:53:00,31.7492,31.8492,16.6487,16.8169
2026-01-02T23:54:00,31.6637,31.7637,16.6746,16.843
2026-01-02T23:55:00,31.5794,31.6794,16.7005,16.8692
2026-01-02T23:56:00,31.4962,31.596200000000003,16.7264,16.8954
2026-01-02T23:57:00,31.4141,31.514100000000003,16.7523,16.9215
2026-01-02T23:58:00,31.3332,31.433200000000003,16.7782,16.9477
2026-01-02T23:59:00,31.2535,31.3535,16.8041,16.9738
